Entry,Organism,Modified residue,Modified_position,Positive_sequence_11,Positive_sequence_15,Positive_sequence_25,Positive_sequence_51
A0AV96,Homo sapiens (Human),Asymmetric dimethylarginine; alternate,394,RAPGPRGSYLG,GNRAPGPRGSYLGGY,GRGAAGNRAPGPRGSYLGGYSAGRG,RDYFVKAGSIRGRGRGAAGNRAPGPRGSYLGGYSAGRGIYSRYHEGKGKQQ
A0AV96,Homo sapiens (Human),Asymmetric dimethylarginine; alternate,405,GYSAGRGIYSR,LGGYSAGRGIYSRYH,PRGSYLGGYSAGRGIYSRYHEGKGK,GRGRGAAGNRAPGPRGSYLGGYSAGRGIYSRYHEGKGKQQEKGYELVPNLE
A7KAX9,Homo sapiens (Human),Asymmetric dimethylarginine,1523,QVYGARSEPPA,QHQVYGARSEPPASM,HNKLEQHQVYGARSEPPASMGLRYN,PNCQYRPQSVPPHHNKLEQHQVYGARSEPPASMGLRYNTYVAPGRNASGHH
A7KAX9,Homo sapiens (Human),Asymmetric dimethylarginine,1533,ASMGLRYNTYV,PPASMGLRYNTYVAP,GARSEPPASMGLRYNTYVAPGRNAS,PPHHNKLEQHQVYGARSEPPASMGLRYNTYVAPGRNASGHHSKPCSRVEYV
O00267,Homo sapiens (Human),Asymmetric dimethylarginine; by PRMT1; alternate,681,SAGGQRGGFGS,HPSAGGQRGGFGSPG,ISSPMHPSAGGQRGGFGSPGGGSGG,NFTVGGFAPMSPRISSPMHPSAGGQRGGFGSPGGGSGGMSRGRGRRDNELI
O00267,Homo sapiens (Human),Asymmetric dimethylarginine; by PRMT1; alternate,696,SGGMSRGRGRR,GGSGGMSRGRGRRDN,FGSPGGGSGGMSRGRGRRDNELIGQ,SPMHPSAGGQRGGFGSPGGGSGGMSRGRGRRDNELIGQTVRISQGPYKGYI
O00267,Homo sapiens (Human),Asymmetric dimethylarginine; by PRMT1; alternate,698,GMSRGRGRRDN,SGGMSRGRGRRDNEL,SPGGGSGGMSRGRGRRDNELIGQTV,MHPSAGGQRGGFGSPGGGSGGMSRGRGRRDNELIGQTVRISQGPYKGYIGV
O00267,Homo sapiens (Human),Symmetric dimethylarginine; by PRMT5; alternate,698,GMSRGRGRRDN,SGGMSRGRGRRDNEL,SPGGGSGGMSRGRGRRDNELIGQTV,MHPSAGGQRGGFGSPGGGSGGMSRGRGRRDNELIGQTVRISQGPYKGYIGV
O14497,Homo sapiens (Human),Asymmetric dimethylarginine,429,SQTPQRYPMTM,YGSQTPQRYPMTMQG,YPGQPYGSQTPQRYPMTMQGRAQSA,QQGPPSGPQQGHGYPGQPYGSQTPQRYPMTMQGRAQSAMGGLSYTQQIPPY
O14776,Homo sapiens (Human),Asymmetric dimethylarginine,28,QQQALRFRGPA,MAQQQALRFRGPAPP,PGELRMAQQQALRFRGPAPPPNAVM,ERGGDGGESERFNPGELRMAQQQALRFRGPAPPPNAVMRGPPPLMRPPPPF
O14776,Homo sapiens (Human),Asymmetric dimethylarginine,30,QALRFRGPAPP,QQQALRFRGPAPPPN,ELRMAQQQALRFRGPAPPPNAVMRG,GGDGGESERFNPGELRMAQQQALRFRGPAPPPNAVMRGPPPLMRPPPPFGM
O14776,Homo sapiens (Human),Asymmetric dimethylarginine,41,PNAVMRGPPPL,PPPNAVMRGPPPLMR,FRGPAPPPNAVMRGPPPLMRPPPPF,PGELRMAQQQALRFRGPAPPPNAVMRGPPPLMRPPPPFGMMRGPPPPPRPP
O14776,Homo sapiens (Human),Asymmetric dimethylarginine,48,PPPLMRPPPPF,RGPPPLMRPPPPFGM,PNAVMRGPPPLMRPPPPFGMMRGPP,QQQALRFRGPAPPPNAVMRGPPPLMRPPPPFGMMRGPPPPPRPPFGRPPFD
O43251,Homo sapiens (Human),Asymmetric dimethylarginine,297,VYGAVRAVPPT,RTVYGAVRAVPPTAI,LRGRGRTVYGAVRAVPPTAIPAYPG,TAATTAAAFRGAHLRGRGRTVYGAVRAVPPTAIPAYPGVVYQDGFYGADLY
O43251,Homo sapiens (Human),Asymmetric dimethylarginine,329,GYAAYRYAQPA,YGGYAAYRYAQPATA,YGADLYGGYAAYRYAQPATATAATA,IPAYPGVVYQDGFYGADLYGGYAAYRYAQPATATAATAAAAAAAAYSDGYG
O43251,Homo sapiens (Human),Asymmetric dimethylarginine; alternate,381,VASLYRGGYSR,GAVASLYRGGYSRFA,ASYGVGAVASLYRGGYSRFAPY,VYTADPYHALAPAASYGVGAVASLYRGGYSRFAPY
O43251,Homo sapiens (Human),Asymmetric dimethylarginine; alternate,386,RGGYSRFAPY,LYRGGYSRFAPY,GAVASLYRGGYSRFAPY,PYHALAPAASYGVGAVASLYRGGYSRFAPY
O43516,Homo sapiens (Human),Asymmetric dimethylarginine,33,TEQAGRNALLS,NKTEQAGRNALLSDI,EKPTLNKTEQAGRNALLSDISKGKK,APPPPPTFALANTEKPTLNKTEQAGRNALLSDISKGKKLKKTVTNDRSAPI
O43823,Homo sapiens (Human),Asymmetric dimethylarginine; alternate,109,SKEGGRGGSGG,MMSKEGGRGGSGGGG,NQRLDMMSKEGGRGGSGGGGEGIQD,PCTDNSDSLIAKINQRLDMMSKEGGRGGSGGGGEGIQDRESSFRFQPFESY
O60331,Homo sapiens (Human),Asymmetric dimethylarginine; alternate,459,PSKKGRGGALL,SSPSKKGRGGALLAV,NSSLKSSPSKKGRGGALLAVKPLGP,RFFKFMSNTVFRKNSSLKSSPSKKGRGGALLAVKPLGPTAAFSASQIPSER
O60506,Homo sapiens (Human),Asymmetric dimethylarginine; by PRMT1; alternate,444,MPPPTRGRGRG,PHMPPPTRGRGRGGR,YYYGPPHMPPPTRGRGRGGRGGYGY,QRQAAKNQMYDDYYYYGPPHMPPPTRGRGRGGRGGYGYPPDYYGYEDYYDY
O60506,Homo sapiens (Human),Asymmetric dimethylarginine; by PRMT1,510,GAAPSRGRGAA,ARGAAPSRGRGAAPP,RGGRGARGAAPSRGRGAAPPRGRAG,YYGYEDFQVGARGRGGRGARGAAPSRGRGAAPPRGRAGYSQRGGPGSARGV
O60506,Homo sapiens (Human),Asymmetric dimethylarginine; by PRMT1; alternate,518,GAAPPRGRAGY,GRGAAPPRGRAGYSQ,AAPSRGRGAAPPRGRAGYSQRGGPG,VGARGRGGRGARGAAPSRGRGAAPPRGRAGYSQRGGPGSARGVRGARGGAQ
O60506,Homo sapiens (Human),Asymmetric dimethylarginine; by PRMT1; alternate,526,AGYSQRGGPGS,GRAGYSQRGGPGSAR,AAPPRGRAGYSQRGGPGSARGVRGA,RGARGAAPSRGRGAAPPRGRAGYSQRGGPGSARGVRGARGGAQQQRGRGVR
O60506,Homo sapiens (Human),Asymmetric dimethylarginine; by PRMT1; alternate,536,SARGVRGARGG,PGSARGVRGARGGAQ,SQRGGPGSARGVRGARGGAQQQRGR,GRGAAPPRGRAGYSQRGGPGSARGVRGARGGAQQQRGRGVRGARGGRGGNV
O60506,Homo sapiens (Human),Asymmetric dimethylarginine; by PRMT1; alternate,539,GVRGARGGAQQ,ARGVRGARGGAQQQR,GGPGSARGVRGARGGAQQQRGRGVR,AAPPRGRAGYSQRGGPGSARGVRGARGGAQQQRGRGVRGARGGRGGNVGGK
O60641,Homo sapiens (Human),Asymmetric dimethylarginine; alternate,865,AQPMMRPPFGA,MFAQPMMRPPFGAAA,PQQPVMFAQPMMRPPFGAAAVPGTQ,FGMPPAGTGMPMMPQQPVMFAQPMMRPPFGAAAVPGTQLSPSPTPASQSPK
O95793,Homo sapiens (Human),Asymmetric dimethylarginine,108,YNYNMRGGAYP,STYNYNMRGGAYPPR,YSRMQSTYNYNMRGGAYPPRYFYPF,KLGKKPMYKPVDPYSRMQSTYNYNMRGGAYPPRYFYPFPVPPLLYQVELSV
O95793,Homo sapiens (Human),Asymmetric dimethylarginine; alternate,115,GAYPPRYFYPF,RGGAYPPRYFYPFPV,YNYNMRGGAYPPRYFYPFPVPPLLY,YKPVDPYSRMQSTYNYNMRGGAYPPRYFYPFPVPPLLYQVELSVGGQQFNG
P02686,Homo sapiens (Human),Symmetric dimethylarginine; alternate,241,SQGKGRGLSLS,PPSQGKGRGLSLSRF,TPRTPPPSQGKGRGLSLSRFSWGAE,DENPVVHFFKNIVTPRTPPPSQGKGRGLSLSRFSWGAEGQRPGFGYGGRAS
P04637,Homo sapiens (Human),Symmetric dimethylarginine; by PRMT5,335,LQIRGRERFEM,FTLQIRGRERFEMFR,LDGEYFTLQIRGRERFEMFRELNEA,NNTSSSPQPKKKPLDGEYFTLQIRGRERFEMFRELNEALELKDAQAGKEPG
P04637,Homo sapiens (Human),Symmetric dimethylarginine; by PRMT5,337,IRGRERFEMFR,LQIRGRERFEMFREL,GEYFTLQIRGRERFEMFRELNEALE,TSSSPQPKKKPLDGEYFTLQIRGRERFEMFRELNEALELKDAQAGKEPGGS
P05787,Homo sapiens (Human),Asymmetric dimethylarginine; alternate,47,GSSNFRGGLGG,RVGSSNFRGGLGGGY,SSSFSRVGSSNFRGGLGGGYGGASG,SRSYTSGPGSRISSSSFSRVGSSNFRGGLGGGYGGASGMGGITAVTVNQSL
P07196,Homo sapiens (Human),Asymmetric dimethylarginine; alternate,23,YVETPRVHISS,RRYVETPRVHISSVR,STSYKRRYVETPRVHISSVRSGYST,MSSFSYEPYYSTSYKRRYVETPRVHISSVRSGYSTARSAYSSYSAPVS
P08651,Homo sapiens (Human),Asymmetric dimethylarginine; alternate,365,HSGIARSPHPS,AVHSGIARSPHPSSA,HRPVIAVHSGIARSPHPSSALHFPT,PQDSPRLSSFTQHHRPVIAVHSGIARSPHPSSALHFPTTSILPQTASTYFP
P08651,Homo sapiens (Human),Asymmetric dimethylarginine,395,PHTAIRYPPHL,YFPHTAIRYPPHLNP,QTASTYFPHTAIRYPPHLNPQDPLK,SSALHFPTTSILPQTASTYFPHTAIRYPPHLNPQDPLKDLVSLACDPASQQ
P08727,Homo sapiens (Human),Asymmetric dimethylarginine; alternate,24,GGGSVRFGPGV,GLGGGSVRFGPGVAF,TSSFGGLGGGSVRFGPGVAFRAPSI,MTSYSYRQSSATSSFGGLGGGSVRFGPGVAFRAPSIHGGSGGRGVSVSS
P09038,Homo sapiens (Human),Symmetric dimethylarginine; alternate,108,ERVGGRGRGRG,APERVGGRGRGRGTA,RGRGRAPERVGGRGRGRGTAAPRAA,GRGRALPGGRLGGRGRGRAPERVGGRGRGRGTAAPRAAPAARGSRPGPAGT
P09038,Homo sapiens (Human),Symmetric dimethylarginine; alternate,110,VGGRGRGRGTA,ERVGGRGRGRGTAAP,RGRAPERVGGRGRGRGTAAPRAAPA,GRALPGGRLGGRGRGRAPERVGGRGRGRGTAAPRAAPAARGSRPGPAGTMA
P09038,Homo sapiens (Human),Symmetric dimethylarginine; alternate,112,GRGRGRGTAAP,VGGRGRGRGTAAPRA,RAPERVGGRGRGRGTAAPRAAPAAR,ALPGGRLGGRGRGRAPERVGGRGRGRGTAAPRAAPAARGSRPGPAGTMAAG
P09651,Homo sapiens (Human),Asymmetric dimethylarginine; alternate,194,ASSSQRGRSGS,ASASSSQRGRSGSGN,SKQEMASASSSQRGRSGSGNFGGGR,TVNGHNCEVRKALSKQEMASASSSQRGRSGSGNFGGGRGGGFGGNDNFGRG
P09651,Homo sapiens (Human),Asymmetric dimethylarginine; alternate,206,NFGGGRGGGFG,SGNFGGGRGGGFGGN,RGRSGSGNFGGGRGGGFGGNDNFGR,LSKQEMASASSSQRGRSGSGNFGGGRGGGFGGNDNFGRGGNFSGRGGFGGS
P09651,Homo sapiens (Human),Asymmetric dimethylarginine; alternate,218,NDNFGRGGNFS,GGNDNFGRGGNFSGR,RGGGFGGNDNFGRGGNFSGRGGFGG,QRGRSGSGNFGGGRGGGFGGNDNFGRGGNFSGRGGFGGSRGGGGYGGSGDG
P09651,Homo sapiens (Human),Asymmetric dimethylarginine; alternate,225,GNFSGRGGFGG,RGGNFSGRGGFGGSR,NDNFGRGGNFSGRGGFGGSRGGGGY,GNFGGGRGGGFGGNDNFGRGGNFSGRGGFGGSRGGGGYGGSGDGYNGFGND
P09651,Homo sapiens (Human),Asymmetric dimethylarginine; alternate,232,GFGGSRGGGGY,RGGFGGSRGGGGYGG,GNFSGRGGFGGSRGGGGYGGSGDGY,GGGFGGNDNFGRGGNFSGRGGFGGSRGGGGYGGSGDGYNGFGNDGGYGGGG
P11940,Homo sapiens (Human),Asymmetric dimethylarginine; alternate,493,QTMGPRPAAAA,STQTMGPRPAAAAAA,RVANTSTQTMGPRPAAAAAAATPAV,PASSQVPRVMSTQRVANTSTQTMGPRPAAAAAAATPAVRTVPQYKYAAGVR
P12270,Homo sapiens (Human),Asymmetric dimethylarginine,2343,GRQFNRQRGVS,VRGRQFNRQRGVSHA,TLRQGVRGRQFNRQRGVSHAMGGRG,SQPKPFRRVRLQTTLRQGVRGRQFNRQRGVSHAMGGRGGINRGNIN
P12270,Homo sapiens (Human),Asymmetric dimethylarginine,2345,QFNRQRGVSHA,GRQFNRQRGVSHAMG,RQGVRGRQFNRQRGVSHAMGGRGGI,PKPFRRVRLQTTLRQGVRGRQFNRQRGVSHAMGGRGGINRGNIN
P12270,Homo sapiens (Human),Asymmetric dimethylarginine,2354,HAMGGRGGINR,VSHAMGGRGGINRGN,NRQRGVSHAMGGRGGINRGNIN,QTTLRQGVRGRQFNRQRGVSHAMGGRGGINRGNIN
P14678,Homo sapiens (Human),Asymmetric dimethylarginine; alternate,108,GPGIGRAAGRG,AGGPGIGRAAGRGIP,PLAGAAGGPGIGRAAGRGIPAGVPM,EGPPPKDTGIARVPLAGAAGGPGIGRAAGRGIPAGVPMPQAPAGLAGPVRG
P14678,Homo sapiens (Human),Asymmetric dimethylarginine; alternate,112,GRAAGRGIPAG,GIGRAAGRGIPAGVP,AAGGPGIGRAAGRGIPAGVPMPQAP,PKDTGIARVPLAGAAGGPGIGRAAGRGIPAGVPMPQAPAGLAGPVRGVGGP
P17096,Homo sapiens (Human),Asymmetric dimethylarginine; alternate,26,TEKRGRGRPRK,DGTEKRGRGRPRKQP,SKQEKDGTEKRGRGRPRKQPPVSPG,MSESSSKSSQPLASKQEKDGTEKRGRGRPRKQPPVSPGTALVGSQKEPSEV
P17096,Homo sapiens (Human),Symmetric dimethylarginine; alternate,26,TEKRGRGRPRK,DGTEKRGRGRPRKQP,SKQEKDGTEKRGRGRPRKQPPVSPG,MSESSSKSSQPLASKQEKDGTEKRGRGRPRKQPPVSPGTALVGSQKEPSEV
P17096,Homo sapiens (Human),Asymmetric dimethylarginine; by PRMT6; alternate,58,TPKRPRGRPKG,VPTPKRPRGRPKGSK,KEPSEVPTPKRPRGRPKGSKNKGAA,PPVSPGTALVGSQKEPSEVPTPKRPRGRPKGSKNKGAAKTRKTTTTPGRKP
P17096,Homo sapiens (Human),Asymmetric dimethylarginine; by PRMT6; alternate,60,KRPRGRPKGSK,TPKRPRGRPKGSKNK,PSEVPTPKRPRGRPKGSKNKGAAKT,VSPGTALVGSQKEPSEVPTPKRPRGRPKGSKNKGAAKTRKTTTTPGRKPRG
P17600,Homo sapiens (Human),Asymmetric dimethylarginine,679,EPAPPRPSLSQ,LPEPAPPRPSLSQDE,TNAFNLPEPAPPRPSLSQDEVKAET,GPPHPQLNKSQSLTNAFNLPEPAPPRPSLSQDEVKAETIRSLRKSFASLFS
P17661,Homo sapiens (Human),Asymmetric dimethylarginine; alternate,37,SPVFPRAGFGS,LSSPVFPRAGFGSKG,PLGSPLSSPVFPRAGFGSKGSSSSV,SSYRRTFGGAPGFPLGSPLSSPVFPRAGFGSKGSSSSVTSRVYQVSRTSGG
P18583,Homo sapiens (Human),Asymmetric dimethylarginine,1007,SYAAERSMMSS,MMSYAAERSMMSSYE,SRRSMMMSYAAERSMMSSYERSMMS,RPYRLAPRPLMLASRRSMMMSYAAERSMMSSYERSMMSYERSMMSPMAERS
P18583,Homo sapiens (Human),Asymmetric dimethylarginine,1022,MMSYERSMMSP,RSMMSYERSMMSPMA,MSSYERSMMSYERSMMSPMAERSMM,RSMMMSYAAERSMMSSYERSMMSYERSMMSPMAERSMMSAYERSMMSAYER
P19338,Homo sapiens (Human),Asymmetric dimethylarginine,656,GGFGGRGGGRG,GEGGFGGRGGGRGGF,WAKPKGEGGFGGRGGGRGGFGGRGG,EDGEIDGNKVTLDWAKPKGEGGFGGRGGGRGGFGGRGGGRGGRGGFGGRGR
P19338,Homo sapiens (Human),Asymmetric dimethylarginine,660,GRGGGRGGFGG,FGGRGGGRGGFGGRG,KGEGGFGGRGGGRGGFGGRGGGRGG,IDGNKVTLDWAKPKGEGGFGGRGGGRGGFGGRGGGRGGRGGFGGRGRGGFG
P19338,Homo sapiens (Human),Asymmetric dimethylarginine,666,GGFGGRGGGRG,GRGGFGGRGGGRGGR,GGRGGGRGGFGGRGGGRGGRGGFGG,TLDWAKPKGEGGFGGRGGGRGGFGGRGGGRGGRGGFGGRGRGGFGGRGGFR
P19338,Homo sapiens (Human),Asymmetric dimethylarginine,670,GRGGGRGGRGG,FGGRGGGRGGRGGFG,GGRGGFGGRGGGRGGRGGFGGRGRG,AKPKGEGGFGGRGGGRGGFGGRGGGRGGRGGFGGRGRGGFGGRGGFRGGRG
P19338,Homo sapiens (Human),Asymmetric dimethylarginine,673,GGRGGRGGFGG,RGGGRGGRGGFGGRG,GGFGGRGGGRGGRGGFGGRGRGGFG,KGEGGFGGRGGGRGGFGGRGGGRGGRGGFGGRGRGGFGGRGGFRGGRGGGG
P19338,Homo sapiens (Human),Asymmetric dimethylarginine,679,GGFGGRGRGGF,GRGGFGGRGRGGFGG,GGGRGGRGGFGGRGRGGFGGRGGFR,GGRGGGRGGFGGRGGGRGGRGGFGGRGRGGFGGRGGFRGGRGGGGDHKPQG
P19338,Homo sapiens (Human),Asymmetric dimethylarginine,681,FGGRGRGGFGG,GGFGGRGRGGFGGRG,GRGGRGGFGGRGRGGFGGRGGFRGG,RGGGRGGFGGRGGGRGGRGGFGGRGRGGFGGRGGFRGGRGGGGDHKPQGKK
P19338,Homo sapiens (Human),Asymmetric dimethylarginine,687,GGFGGRGGFRG,GRGGFGGRGGFRGGR,GFGGRGRGGFGGRGGFRGGRGGGGD,GFGGRGGGRGGRGGFGGRGRGGFGGRGGFRGGRGGGGDHKPQGKKTKFE
P19338,Homo sapiens (Human),Asymmetric dimethylarginine,691,GRGGFRGGRGG,FGGRGGFRGGRGGGG,RGRGGFGGRGGFRGGRGGGGDHKPQ,RGGGRGGRGGFGGRGRGGFGGRGGFRGGRGGGGDHKPQGKKTKFE
P19338,Homo sapiens (Human),Asymmetric dimethylarginine; alternate,694,GFRGGRGGGGD,RGGFRGGRGGGGDHK,GGFGGRGGFRGGRGGGGDHKPQGKK,GRGGRGGFGGRGRGGFGGRGGFRGGRGGGGDHKPQGKKTKFE
P22626,Homo sapiens (Human),Asymmetric dimethylarginine; alternate,203,SSRSGRGGNFG,VQSSRSGRGGNFGFG,QEMQEVQSSRSGRGGNFGFGDSRGG,NGHNAEVRKALSRQEMQEVQSSRSGRGGNFGFGDSRGGGGNFGPGPGSNFR
P22626,Homo sapiens (Human),Asymmetric dimethylarginine; alternate,213,GFGDSRGGGGN,NFGFGDSRGGGGNFG,SGRGGNFGFGDSRGGGGNFGPGPGS,LSRQEMQEVQSSRSGRGGNFGFGDSRGGGGNFGPGPGSNFRGGSDGYGSGR
P22626,Homo sapiens (Human),Asymmetric dimethylarginine; alternate,266,GYGGGRGGYGG,SPGYGGGRGGYGGGG,GNFGGSPGYGGGRGGYGGGGPGYGN,GDGYNGYGGGPGGGNFGGSPGYGGGRGGYGGGGPGYGNQGGGYGGGYDNYG
P23246,Homo sapiens (Human),Asymmetric dimethylarginine; alternate,9,DRFRSRGGGGG,SRDRFRSRGGGGGGF,MSRDRFRSRGGGGGGFHRRGG,MSRDRFRSRGGGGGGFHRRGGGGGRGGLHDFRSP
P26378,Homo sapiens (Human),Asymmetric dimethylarginine; by CARM1; alternate,248,HHQAQRFRLDN,PLHHQAQRFRLDNLL,RRYPGPLHHQAQRFRLDNLLNMAYG,SQALLSQLYQSPNRRYPGPLHHQAQRFRLDNLLNMAYGVKRLMSGPVPPSA
P31942,Homo sapiens (Human),Asymmetric dimethylarginine,121,RPIGGRGGYYG,YDRPIGGRGGYYGAG,QRPGPYDRPIGGRGGYYGAGRGSMY,IKGFYDPPRRLLGQRPGPYDRPIGGRGGYYGAGRGSMYDRMRRGGDGYDGG
P35637,Homo sapiens (Human),Asymmetric dimethylarginine; alternate,216,QDRGGRGRGGS,GQQDRGGRGRGGSGG,GSGGYGQQDRGGRGRGGSGGGGGGG,GGGYGNQDQSGGGGSGGYGQQDRGGRGRGGSGGGGGGGGGGYNRSSGGYEP
P35637,Homo sapiens (Human),Asymmetric dimethylarginine; alternate,218,RGGRGRGGSGG,QDRGGRGRGGSGGGG,GGYGQQDRGGRGRGGSGGGGGGGGG,GYGNQDQSGGGGSGGYGQQDRGGRGRGGSGGGGGGGGGGYNRSSGGYEPRG
P35637,Homo sapiens (Human),Asymmetric dimethylarginine,242,GGYEPRGRGGG,SSGGYEPRGRGGGRG,GGYNRSSGGYEPRGRGGGRGGRGGM,GRGGSGGGGGGGGGGYNRSSGGYEPRGRGGGRGGRGGMGGSDRGGFNKFGG
P35637,Homo sapiens (Human),Asymmetric dimethylarginine,244,YEPRGRGGGRG,GGYEPRGRGGGRGGR,YNRSSGGYEPRGRGGGRGGRGGMGG,GGSGGGGGGGGGGYNRSSGGYEPRGRGGGRGGRGGMGGSDRGGFNKFGGPR
P35637,Homo sapiens (Human),Asymmetric dimethylarginine,248,GRGGGRGGRGG,PRGRGGGRGGRGGMG,SGGYEPRGRGGGRGGRGGMGGSDRG,GGGGGGGGGYNRSSGGYEPRGRGGGRGGRGGMGGSDRGGFNKFGGPRDQGS
P35637,Homo sapiens (Human),Asymmetric dimethylarginine,251,GGRGGRGGMGG,RGGGRGGRGGMGGSD,YEPRGRGGGRGGRGGMGGSDRGGFN,GGGGGGYNRSSGGYEPRGRGGGRGGRGGMGGSDRGGFNKFGGPRDQGSRHD
P35637,Homo sapiens (Human),Asymmetric dimethylarginine,259,MGGSDRGGFNK,GGMGGSDRGGFNKFG,GRGGRGGMGGSDRGGFNKFGGPRDQ,RSSGGYEPRGRGGGRGGRGGMGGSDRGGFNKFGGPRDQGSRHDSEQDNSDN
P35637,Homo sapiens (Human),Asymmetric dimethylarginine,377,RADFNRGGGNG,TRRADFNRGGGNGRG,KVSFATRRADFNRGGGNGRGGRGRG,DWFDGKEFSGNPIKVSFATRRADFNRGGGNGRGGRGRGGPMGRGGYGGGGS
P35637,Homo sapiens (Human),Asymmetric dimethylarginine,383,GGGNGRGGRGR,NRGGGNGRGGRGRGG,RRADFNRGGGNGRGGRGRGGPMGRG,EFSGNPIKVSFATRRADFNRGGGNGRGGRGRGGPMGRGGYGGGGSGGGGRG
P35637,Homo sapiens (Human),Asymmetric dimethylarginine,386,NGRGGRGRGGP,GGNGRGGRGRGGPMG,DFNRGGGNGRGGRGRGGPMGRGGYG,GNPIKVSFATRRADFNRGGGNGRGGRGRGGPMGRGGYGGGGSGGGGRGGFP
P35637,Homo sapiens (Human),Asymmetric dimethylarginine,388,RGGRGRGGPMG,NGRGGRGRGGPMGRG,NRGGGNGRGGRGRGGPMGRGGYGGG,PIKVSFATRRADFNRGGGNGRGGRGRGGPMGRGGYGGGGSGGGGRGGFPSG
P35637,Homo sapiens (Human),Asymmetric dimethylarginine,394,GGPMGRGGYGG,GRGGPMGRGGYGGGG,GRGGRGRGGPMGRGGYGGGGSGGGG,ATRRADFNRGGGNGRGGRGRGGPMGRGGYGGGGSGGGGRGGFPSGGGGGGG
P35637,Homo sapiens (Human),Asymmetric dimethylarginine; alternate,407,SGGGGRGGFPS,GGSGGGGRGGFPSGG,GGYGGGGSGGGGRGGFPSGGGGGGG,GRGGRGRGGPMGRGGYGGGGSGGGGRGGFPSGGGGGGGQQRAGDWKCPNPT
P35637,Homo sapiens (Human),Asymmetric dimethylarginine,473,YGDDRRGGRGG,GNYGDDRRGGRGGYD,GSHMGGNYGDDRRGGRGGYDRGGYR,KAPKPDGPGGGPGGSHMGGNYGDDRRGGRGGYDRGGYRGRGGDRGGFRGGR
P35637,Homo sapiens (Human),Asymmetric dimethylarginine,476,DRRGGRGGYDR,GDDRRGGRGGYDRGG,MGGNYGDDRRGGRGGYDRGGYRGRG,KPDGPGGGPGGSHMGGNYGDDRRGGRGGYDRGGYRGRGGDRGGFRGGRGGG
P35637,Homo sapiens (Human),Asymmetric dimethylarginine,481,RGGYDRGGYRG,GGRGGYDRGGYRGRG,GDDRRGGRGGYDRGGYRGRGGDRGG,GGGPGGSHMGGNYGDDRRGGRGGYDRGGYRGRGGDRGGFRGGRGGGDRGGF
P35637,Homo sapiens (Human),Asymmetric dimethylarginine,485,DRGGYRGRGGD,GYDRGGYRGRGGDRG,RGGRGGYDRGGYRGRGGDRGGFRGG,GGSHMGGNYGDDRRGGRGGYDRGGYRGRGGDRGGFRGGRGGGDRGGFGPGK
P35637,Homo sapiens (Human),Asymmetric dimethylarginine,487,GGYRGRGGDRG,DRGGYRGRGGDRGGF,GRGGYDRGGYRGRGGDRGGFRGGRG,SHMGGNYGDDRRGGRGGYDRGGYRGRGGDRGGFRGGRGGGDRGGFGPGKMD
P35637,Homo sapiens (Human),Asymmetric dimethylarginine,491,GRGGDRGGFRG,YRGRGGDRGGFRGGR,YDRGGYRGRGGDRGGFRGGRGGGDR,GNYGDDRRGGRGGYDRGGYRGRGGDRGGFRGGRGGGDRGGFGPGKMDSRGE
P35637,Homo sapiens (Human),Asymmetric dimethylarginine,495,DRGGFRGGRGG,GGDRGGFRGGRGGGD,GYRGRGGDRGGFRGGRGGGDRGGFG,DDRRGGRGGYDRGGYRGRGGDRGGFRGGRGGGDRGGFGPGKMDSRGEHRQD
P35637,Homo sapiens (Human),Asymmetric dimethylarginine,498,GFRGGRGGGDR,RGGFRGGRGGGDRGG,GRGGDRGGFRGGRGGGDRGGFGPGK,RGGRGGYDRGGYRGRGGDRGGFRGGRGGGDRGGFGPGKMDSRGEHRQDRRE
P35637,Homo sapiens (Human),Asymmetric dimethylarginine; alternate,503,RGGGDRGGFGP,GGRGGGDRGGFGPGK,RGGFRGGRGGGDRGGFGPGKMDSRG,GYDRGGYRGRGGDRGGFRGGRGGGDRGGFGPGKMDSRGEHRQDRRERPY
P35908,Homo sapiens (Human),Asymmetric dimethylarginine,20,GGGGFRGFSSG,GGGGGGFRGFSSGSA,KSRGRGGGGGGFRGFSSGSAVVSGG,MSCQISCKSRGRGGGGGGFRGFSSGSAVVSGGSRRSTSSFSCLSR
P45985,Homo sapiens (Human),Asymmetric dimethylarginine; alternate,58,FKSTARFTLNP,PPFKSTARFTLNPNP,LNFANPPFKSTARFTLNPNPTGVQN,AVSSMQGKRKALKLNFANPPFKSTARFTLNPNPTGVQNPHIERLRTHSIES
P46783,Homo sapiens (Human),Symmetric dimethylarginine,158,RGGFGRGRGQP,QFRGGFGRGRGQPPQ,SATEFQFRGGFGRGRGQPPQ,PPGADKKAEAGAGSATEFQFRGGFGRGRGQPPQ
P46783,Homo sapiens (Human),Symmetric dimethylarginine,160,GFGRGRGQPPQ,RGGFGRGRGQPPQ,TEFQFRGGFGRGRGQPPQ,GADKKAEAGAGSATEFQFRGGFGRGRGQPPQ
P48634,Homo sapiens (Human),Asymmetric dimethylarginine,272,PQGPYRYPTPD,YGPQGPYRYPTPDGP,PFPPPYGPQGPYRYPTPDGPSRFPR,RGMMPPFMYPPYLPFPPPYGPQGPYRYPTPDGPSRFPRVAGPRGSGPPMRL
P49792,Homo sapiens (Human),Asymmetric dimethylarginine,945,GPPALRFESPA,MYGPPALRFESPATG,MFSQEMYGPPALRFESPATGILSPR,QMHTPPVQSSSACMFSQEMYGPPALRFESPATGILSPRGDDYFNYNVQQTS
P49792,Homo sapiens (Human),Asymmetric dimethylarginine; alternate,1016,PGEGLRPSLPT,PMPGEGLRPSLPTQA,TNFVQPMPGEGLRPSLPTQAHTTQP,SRSAESKTIEFGKTNFVQPMPGEGLRPSLPTQAHTTQPTPFKFNSNFKSND
P51114,Homo sapiens (Human),Asymmetric dimethylarginine; alternate,447,PGGRGRSVSGG,RRPGGRGRSVSGGRG,QRDSRRRPGGRGRSVSGGRGRGGPR,WSLAGEDDRDSRHQRDSRRRPGGRGRSVSGGRGRGGPRGGKSSISSVLKDP
P51114,Homo sapiens (Human),Asymmetric dimethylarginine; alternate,453,SVSGGRGRGGP,GRSVSGGRGRGGPRG,RPGGRGRSVSGGRGRGGPRGGKSSI,DDRDSRHQRDSRRRPGGRGRSVSGGRGRGGPRGGKSSISSVLKDPDSNPYS
P51114,Homo sapiens (Human),Asymmetric dimethylarginine; alternate,455,SGGRGRGGPRG,SVSGGRGRGGPRGGK,GGRGRSVSGGRGRGGPRGGKSSISS,RDSRHQRDSRRRPGGRGRSVSGGRGRGGPRGGKSSISSVLKDPDSNPYSLL
P51991,Homo sapiens (Human),Asymmetric dimethylarginine; alternate,214,SAGSQRGRGGG,MQSAGSQRGRGGGSG,LSKQEMQSAGSQRGRGGGSGNFMGR,HTINGHNCEVKKALSKQEMQSAGSQRGRGGGSGNFMGRGGNFGGGGGNFGR
P51991,Homo sapiens (Human),Asymmetric dimethylarginine; alternate,216,GSQRGRGGGSG,SAGSQRGRGGGSGNF,KQEMQSAGSQRGRGGGSGNFMGRGG,INGHNCEVKKALSKQEMQSAGSQRGRGGGSGNFMGRGGNFGGGGGNFGRGG
P51991,Homo sapiens (Human),Asymmetric dimethylarginine; alternate,226,GNFMGRGGNFG,GSGNFMGRGGNFGGG,RGRGGGSGNFMGRGGNFGGGGGNFG,ALSKQEMQSAGSQRGRGGGSGNFMGRGGNFGGGGGNFGRGGNFGGRGGYGG
P51991,Homo sapiens (Human),Asymmetric dimethylarginine; alternate,239,GGNFGRGGNFG,GGGGNFGRGGNFGGR,GGNFGGGGGNFGRGGNFGGRGGYGG,RGRGGGSGNFMGRGGNFGGGGGNFGRGGNFGGRGGYGGGGGGSRGSYGGGD
P51991,Homo sapiens (Human),Asymmetric dimethylarginine; alternate,246,GNFGGRGGYGG,RGGNFGGRGGYGGGG,GGNFGRGGNFGGRGGYGGGGGGSRG,GNFMGRGGNFGGGGGNFGRGGNFGGRGGYGGGGGGSRGSYGGGDGGYNGFG
P51991,Homo sapiens (Human),Asymmetric dimethylarginine,286,PGYSSRGGYGG,GGPGYSSRGGYGGGG,GGNYGGGPGYSSRGGYGGGGPGYGN,GGGDGGYNGFGGDGGNYGGGPGYSSRGGYGGGGPGYGNQGGGYGGGGGYDG
P57740,Homo sapiens (Human),Asymmetric dimethylarginine; alternate,60,TPSSFRQPFTP,PRTPSSFRQPFTPTS,RNQVIPRTPSSFRQPFTPTSRSLLR,QASQDENFGNTTPRNQVIPRTPSSFRQPFTPTSRSLLRQPDISCILGTGGK
P61081,Homo sapiens (Human),Asymmetric dimethylarginine; alternate,169,VQRSMRGGYIG,QNVQRSMRGGYIGST,RRLFEQNVQRSMRGGYIGSTYFERC,PLNKEAAEVLQNNRRLFEQNVQRSMRGGYIGSTYFERCLK
P62805,Homo sapiens (Human),Asymmetric dimethylarginine; by PRMT1; alternate,4,MSGRGKGGK,MSGRGKGGKGL,MSGRGKGGKGLGKGGA,MSGRGKGGKGLGKGGAKRHRKVLRDNIQG
P62805,Homo sapiens (Human),Symmetric dimethylarginine; by PRMT5 and PRMT7; alternate,4,MSGRGKGGK,MSGRGKGGKGL,MSGRGKGGKGLGKGGA,MSGRGKGGKGLGKGGAKRHRKVLRDNIQG
P62995,Homo sapiens (Human),Asymmetric dimethylarginine; alternate,241,YSRSYRGGGGG,DYYSRSYRGGGGGGG,GYDDRDYYSRSYRGGGGGGGGWRAA,SRRRDYYDRGYDRGYDDRDYYSRSYRGGGGGGGGWRAAQDRDQIYRRRSPS
P63162,Homo sapiens (Human),Asymmetric dimethylarginine; alternate,108,GPGVGRAAGRG,AGGPGVGRAAGRGVP,PLAGAAGGPGVGRAAGRGVPAGVPI,EGPPPKDTGIARVPLAGAAGGPGVGRAAGRGVPAGVPIPQAPAGLAGPVRG
P63162,Homo sapiens (Human),Asymmetric dimethylarginine; alternate,112,GRAAGRGVPAG,GVGRAAGRGVPAGVP,AAGGPGVGRAAGRGVPAGVPIPQAP,PKDTGIARVPLAGAAGGPGVGRAAGRGVPAGVPIPQAPAGLAGPVRGVGGP
P98179,Homo sapiens (Human),Asymmetric dimethylarginine; alternate,105,GRSYSRGGGDQ,GRGRSYSRGGGDQGY,GFGAHGRGRSYSRGGGDQGYGSGRY,DHAGKSARGTRGGGFGAHGRGRSYSRGGGDQGYGSGRYYDSRPGGYGYGYG
Q00839,Homo sapiens (Human),Asymmetric dimethylarginine,715,GGFNMRGGNFR,GRGGFNMRGGNFRGG,GGGHRGRGGFNMRGGNFRGGAPGNR,SNKNKSGKNQFNRGGGHRGRGGFNMRGGNFRGGAPGNRGGYNRRGNMPQRG
Q00839,Homo sapiens (Human),Asymmetric dimethylarginine,720,RGGNFRGGAPG,NMRGGNFRGGAPGNR,GRGGFNMRGGNFRGGAPGNRGGYNR,SGKNQFNRGGGHRGRGGFNMRGGNFRGGAPGNRGGYNRRGNMPQRGGGGGG
Q00839,Homo sapiens (Human),Asymmetric dimethylarginine,727,GAPGNRGGYNR,RGGAPGNRGGYNRRG,RGGNFRGGAPGNRGGYNRRGNMPQR,RGGGHRGRGGFNMRGGNFRGGAPGNRGGYNRRGNMPQRGGGGGGSGGIGYP
Q00839,Homo sapiens (Human),Asymmetric dimethylarginine; alternate,733,GGYNRRGNMPQ,NRGGYNRRGNMPQRG,GGAPGNRGGYNRRGNMPQRGGGGGG,GRGGFNMRGGNFRGGAPGNRGGYNRRGNMPQRGGGGGGSGGIGYPYPRAPV
Q00839,Homo sapiens (Human),Asymmetric dimethylarginine; alternate,739,GNMPQRGGGGG,RRGNMPQRGGGGGGS,RGGYNRRGNMPQRGGGGGGSGGIGY,MRGGNFRGGAPGNRGGYNRRGNMPQRGGGGGGSGGIGYPYPRAPVFPGRGS
Q00839,Homo sapiens (Human),Asymmetric dimethylarginine,755,GYPYPRAPVFP,GIGYPYPRAPVFPGR,GGGSGGIGYPYPRAPVFPGRGSYSN,YNRRGNMPQRGGGGGGSGGIGYPYPRAPVFPGRGSYSNRGNYNRGGMPNRG
Q00839,Homo sapiens (Human),Asymmetric dimethylarginine,762,PVFPGRGSYSN,RAPVFPGRGSYSNRG,GYPYPRAPVFPGRGSYSNRGNYNRG,PQRGGGGGGSGGIGYPYPRAPVFPGRGSYSNRGNYNRGGMPNRGNYNQNFR
Q01844,Homo sapiens (Human),Asymmetric dimethylarginine,300,SGPDNRGRGRG,SMSGPDNRGRGRGGF,PGENRSMSGPDNRGRGRGGFDRGGM,MGVYGQESGGFSGPGENRSMSGPDNRGRGRGGFDRGGMSRGGRGGGRGGMG
Q01844,Homo sapiens (Human),Asymmetric dimethylarginine,302,PDNRGRGRGGF,SGPDNRGRGRGGFDR,ENRSMSGPDNRGRGRGGFDRGGMSR,VYGQESGGFSGPGENRSMSGPDNRGRGRGGFDRGGMSRGGRGGGRGGMGSA
Q01844,Homo sapiens (Human),Asymmetric dimethylarginine,304,NRGRGRGGFDR,PDNRGRGRGGFDRGG,RSMSGPDNRGRGRGGFDRGGMSRGG,GQESGGFSGPGENRSMSGPDNRGRGRGGFDRGGMSRGGRGGGRGGMGSAGE
Q01844,Homo sapiens (Human),Asymmetric dimethylarginine,309,RGGFDRGGMSR,RGRGGFDRGGMSRGG,PDNRGRGRGGFDRGGMSRGGRGGGR,GFSGPGENRSMSGPDNRGRGRGGFDRGGMSRGGRGGGRGGMGSAGERGGFN
Q01844,Homo sapiens (Human),Asymmetric dimethylarginine,314,RGGMSRGGRGG,FDRGGMSRGGRGGGR,RGRGGFDRGGMSRGGRGGGRGGMGS,GENRSMSGPDNRGRGRGGFDRGGMSRGGRGGGRGGMGSAGERGGFNKPGGP
Q01844,Homo sapiens (Human),Asymmetric dimethylarginine,317,MSRGGRGGGRG,GGMSRGGRGGGRGGM,GGFDRGGMSRGGRGGGRGGMGSAGE,RSMSGPDNRGRGRGGFDRGGMSRGGRGGGRGGMGSAGERGGFNKPGGPMDE
Q01844,Homo sapiens (Human),Asymmetric dimethylarginine,321,GRGGGRGGMGS,RGGRGGGRGGMGSAG,RGGMSRGGRGGGRGGMGSAGERGGF,GPDNRGRGRGGFDRGGMSRGGRGGGRGGMGSAGERGGFNKPGGPMDEGPDL
Q01844,Homo sapiens (Human),Asymmetric dimethylarginine,455,PMNSMRGGLPP,KPPMNSMRGGLPPRE,SLARKKPPMNSMRGGLPPREGRGMP,FDGKDFQGSKLKVSLARKKPPMNSMRGGLPPREGRGMPPPLRGGPGGPGGP
Q01844,Homo sapiens (Human),Asymmetric dimethylarginine,464,PPREGRGMPPP,GLPPREGRGMPPPLR,NSMRGGLPPREGRGMPPPLRGGPGG,KLKVSLARKKPPMNSMRGGLPPREGRGMPPPLRGGPGGPGGPGGPMGRMGG
Q01844,Homo sapiens (Human),Asymmetric dimethylarginine; alternate,471,MPPPLRGGPGG,RGMPPPLRGGPGGPG,PPREGRGMPPPLRGGPGGPGGPGGP,RKKPPMNSMRGGLPPREGRGMPPPLRGGPGGPGGPGGPMGRMGGRGGDRGG
Q01844,Homo sapiens (Human),Asymmetric dimethylarginine; by PRMT8,490,GRMGGRGGDRG,PMGRMGGRGGDRGGF,GGPGGPMGRMGGRGGDRGGFPPRGP,GMPPPLRGGPGGPGGPGGPMGRMGGRGGDRGGFPPRGPRGSRGNPSGGGNV
Q01844,Homo sapiens (Human),Asymmetric dimethylarginine,494,GRGGDRGGFPP,MGGRGGDRGGFPPRG,GPMGRMGGRGGDRGGFPPRGPRGSR,PLRGGPGGPGGPGGPMGRMGGRGGDRGGFPPRGPRGSRGNPSGGGNVQHRA
Q01844,Homo sapiens (Human),Asymmetric dimethylarginine,500,GGFPPRGPRGS,DRGGFPPRGPRGSRG,GGRGGDRGGFPPRGPRGSRGNPSGG,GGPGGPGGPMGRMGGRGGDRGGFPPRGPRGSRGNPSGGGNVQHRAGDWQCP
Q01844,Homo sapiens (Human),Asymmetric dimethylarginine,503,PPRGPRGSRGN,GFPPRGPRGSRGNPS,GGDRGGFPPRGPRGSRGNPSGGGNV,GGPGGPMGRMGGRGGDRGGFPPRGPRGSRGNPSGGGNVQHRAGDWQCPNPG
Q01844,Homo sapiens (Human),Asymmetric dimethylarginine; alternate,506,GPRGSRGNPSG,PRGPRGSRGNPSGGG,RGGFPPRGPRGSRGNPSGGGNVQHR,GGPMGRMGGRGGDRGGFPPRGPRGSRGNPSGGGNVQHRAGDWQCPNPGCGN
Q01844,Homo sapiens (Human),Asymmetric dimethylarginine,563,PPGGDRGRGGP,FPPPGGDRGRGGPGG,FLPPPFPPPGGDRGRGGPGGMRGGR,TECNQCKAPKPEGFLPPPFPPPGGDRGRGGPGGMRGGRGGLMDRGGPGGMF
Q01844,Homo sapiens (Human),Asymmetric dimethylarginine,565,GGDRGRGGPGG,PPGGDRGRGGPGGMR,PPPFPPPGGDRGRGGPGGMRGGRGG,CNQCKAPKPEGFLPPPFPPPGGDRGRGGPGGMRGGRGGLMDRGGPGGMFRG
Q01844,Homo sapiens (Human),Asymmetric dimethylarginine; alternate; by PRMT8,572,GPGGMRGGRGG,RGGPGGMRGGRGGLM,GGDRGRGGPGGMRGGRGGLMDRGGP,KPEGFLPPPFPPPGGDRGRGGPGGMRGGRGGLMDRGGPGGMFRGGRGGDRG
Q01844,Homo sapiens (Human),Asymmetric dimethylarginine,575,GMRGGRGGLMD,PGGMRGGRGGLMDRG,RGRGGPGGMRGGRGGLMDRGGPGGM,GFLPPPFPPPGGDRGRGGPGGMRGGRGGLMDRGGPGGMFRGGRGGDRGGFR
Q01844,Homo sapiens (Human),Asymmetric dimethylarginine,581,GGLMDRGGPGG,GRGGLMDRGGPGGMF,GGMRGGRGGLMDRGGPGGMFRGGRG,FPPPGGDRGRGGPGGMRGGRGGLMDRGGPGGMFRGGRGGDRGGFRGGRGMD
Q01844,Homo sapiens (Human),Asymmetric dimethylarginine,589,PGGMFRGGRGG,GGPGGMFRGGRGGDR,GLMDRGGPGGMFRGGRGGDRGGFRG,GRGGPGGMRGGRGGLMDRGGPGGMFRGGRGGDRGGFRGGRGMDRGGFGGGR
Q01844,Homo sapiens (Human),Asymmetric dimethylarginine,592,MFRGGRGGDRG,GGMFRGGRGGDRGGF,DRGGPGGMFRGGRGGDRGGFRGGRG,GPGGMRGGRGGLMDRGGPGGMFRGGRGGDRGGFRGGRGMDRGGFGGGRRGG
Q01844,Homo sapiens (Human),Asymmetric dimethylarginine; alternate; by PRMT8,596,GRGGDRGGFRG,RGGRGGDRGGFRGGR,PGGMFRGGRGGDRGGFRGGRGMDRG,MRGGRGGLMDRGGPGGMFRGGRGGDRGGFRGGRGMDRGGFGGGRRGGPGGP
Q01844,Homo sapiens (Human),Asymmetric dimethylarginine,600,DRGGFRGGRGM,GGDRGGFRGGRGMDR,FRGGRGGDRGGFRGGRGMDRGGFGG,RGGLMDRGGPGGMFRGGRGGDRGGFRGGRGMDRGGFGGGRRGGPGGPPGPL
Q01844,Homo sapiens (Human),Asymmetric dimethylarginine; by PRMT8,603,GFRGGRGMDRG,RGGFRGGRGMDRGGF,GRGGDRGGFRGGRGMDRGGFGGGRR,LMDRGGPGGMFRGGRGGDRGGFRGGRGMDRGGFGGGRRGGPGGPPGPLMEQ
Q01844,Homo sapiens (Human),Asymmetric dimethylarginine; alternate; by PRMT8,607,GRGMDRGGFGG,RGGRGMDRGGFGGGR,DRGGFRGGRGMDRGGFGGGRRGGPG,GGPGGMFRGGRGGDRGGFRGGRGMDRGGFGGGRRGGPGGPPGPLMEQMGGR
Q01844,Homo sapiens (Human),Asymmetric dimethylarginine; alternate,615,FGGGRRGGPGG,GGFGGGRRGGPGGPP,RGMDRGGFGGGRRGGPGGPPGPLME,GGRGGDRGGFRGGRGMDRGGFGGGRRGGPGGPPGPLMEQMGGRRGGRGGPG
Q01844,Homo sapiens (Human),Asymmetric dimethylarginine,633,QMGGRRGGRGG,MEQMGGRRGGRGGPG,PPGPLMEQMGGRRGGRGGPGKMDKG,GGFGGGRRGGPGGPPGPLMEQMGGRRGGRGGPGKMDKGEHRQERRDRPY
Q01844,Homo sapiens (Human),Asymmetric dimethylarginine,636,GRRGGRGGPGK,MGGRRGGRGGPGKMD,PLMEQMGGRRGGRGGPGKMDKGEHR,GGGRRGGPGGPPGPLMEQMGGRRGGRGGPGKMDKGEHRQERRDRPY
Q06787,Homo sapiens (Human),Asymmetric dimethylarginine; alternate,534,GDGRRRGGGGR,RRGDGRRRGGGGRGQ,RESFLRRGDGRRRGGGGRGQGGRGR,ELSDWSLAPTEEERESFLRRGDGRRRGGGGRGQGGRGRGGGFKGNDDHSRT
Q06787,Homo sapiens (Human),Asymmetric dimethylarginine; alternate,539,RGGGGRGQGGR,RRRGGGGRGQGGRGR,RRGDGRRRGGGGRGQGGRGRGGGFK,SLAPTEEERESFLRRGDGRRRGGGGRGQGGRGRGGGFKGNDDHSRTDNRPR
Q06787,Homo sapiens (Human),Asymmetric dimethylarginine; alternate,544,RGQGGRGRGGG,GGRGQGGRGRGGGFK,RRRGGGGRGQGGRGRGGGFKGNDDH,EEERESFLRRGDGRRRGGGGRGQGGRGRGGGFKGNDDHSRTDNRPRNPREA
Q06787,Homo sapiens (Human),Asymmetric dimethylarginine; alternate,546,QGGRGRGGGFK,RGQGGRGRGGGFKGN,RGGGGRGQGGRGRGGGFKGNDDHSR,ERESFLRRGDGRRRGGGGRGQGGRGRGGGFKGNDDHSRTDNRPRNPREAKG
Q07666,Homo sapiens (Human),Asymmetric dimethylarginine; by PRMT1,45,LPHRSRGGGGG,PPLPHRSRGGGGGSR,TPSRQPPLPHRSRGGGGGSRGGARA,SMDPSGAHPSVRQTPSRQPPLPHRSRGGGGGSRGGARASPATQPPPLLPPS
Q07666,Homo sapiens (Human),Asymmetric dimethylarginine; partial; by PRMT1,52,GGGGSRGGARA,RGGGGGSRGGARASP,LPHRSRGGGGGSRGGARASPATQPP,HPSVRQTPSRQPPLPHRSRGGGGGSRGGARASPATQPPPLLPPSATGPDAT
Q07666,Homo sapiens (Human),Asymmetric dimethylarginine; by PRMT1,304,PVPRGRGVGPP,PPPVPRGRGVGPPRG,GAAPPPPPVPRGRGVGPPRGALVRG,EPSRGRGVPVRGRGAAPPPPPVPRGRGVGPPRGALVRGTPVRGAITRGATV
Q07666,Homo sapiens (Human),Asymmetric dimethylarginine; alternate,331,GATVTRGVPPP,TRGATVTRGVPPPPT,VRGAITRGATVTRGVPPPPTVRGAP,VGPPRGALVRGTPVRGAITRGATVTRGVPPPPTVRGAPAPRARTAGIQRIP
Q07955,Homo sapiens (Human),Asymmetric dimethylarginine; alternate,93,FPRSGRGTGRG,VEFPRSGRGTGRGGG,GYRLRVEFPRSGRGTGRGGGGGGGG,EDAVYGRDGYDYDGYRLRVEFPRSGRGTGRGGGGGGGGGAPRGRYGPPSRR
Q07955,Homo sapiens (Human),Asymmetric dimethylarginine; alternate,97,GRGTGRGGGGG,RSGRGTGRGGGGGGG,RVEFPRSGRGTGRGGGGGGGGGAPR,YGRDGYDYDGYRLRVEFPRSGRGTGRGGGGGGGGGAPRGRYGPPSRRSENR
Q07955,Homo sapiens (Human),Asymmetric dimethylarginine; alternate,109,GGGAPRGRYGP,GGGGGAPRGRYGPPS,RGGGGGGGGGAPRGRYGPPSRRSEN,LRVEFPRSGRGTGRGGGGGGGGGAPRGRYGPPSRRSENRVVVSGLPPSGSW
Q08211,Homo sapiens (Human),Asymmetric dimethylarginine,1166,PPKMARYDNGS,PRPPKMARYDNGSGY,RYGDGPRPPKMARYDNGSGYRRGGS,PSAAGINLMIGSTRYGDGPRPPKMARYDNGSGYRRGGSSYSGGGYGGGYSS
Q08211,Homo sapiens (Human),Asymmetric dimethylarginine,1219,VGGGYRGVSRG,AGVGGGYRGVSRGGF,RAGYGAGVGGGYRGVSRGGFRGNSG,YGSGGYGGSANSFRAGYGAGVGGGYRGVSRGGFRGNSGGDYRGPSGGYRGS
Q08211,Homo sapiens (Human),Asymmetric dimethylarginine,1235,SGGDYRGPSGG,GNSGGDYRGPSGGYR,RGGFRGNSGGDYRGPSGGYRGSGGF,YGAGVGGGYRGVSRGGFRGNSGGDYRGPSGGYRGSGGFQRGGGRGAYGTGY
Q08211,Homo sapiens (Human),Asymmetric dimethylarginine,1242,PSGGYRGSGGF,RGPSGGYRGSGGFQR,SGGDYRGPSGGYRGSGGFQRGGGRG,GYRGVSRGGFRGNSGGDYRGPSGGYRGSGGFQRGGGRGAYGTGYFGQGRGG
Q08211,Homo sapiens (Human),Asymmetric dimethylarginine,1249,SGGFQRGGGRG,RGSGGFQRGGGRGAY,PSGGYRGSGGFQRGGGRGAYGTGYF,GGFRGNSGGDYRGPSGGYRGSGGFQRGGGRGAYGTGYFGQGRGGGGY
Q08211,Homo sapiens (Human),Asymmetric dimethylarginine,1265,YFGQGRGGGGY,TGYFGQGRGGGGY,RGAYGTGYFGQGRGGGGY,GYRGSGGFQRGGGRGAYGTGYFGQGRGGGGY
Q12830,Homo sapiens (Human),Asymmetric dimethylarginine,2162,ATVTIRPNTSG,RTATVTIRPNTSGSG,TSFQPRTATVTIRPNTSGSGGTTSN,IIPSSTGTSQQTFTSFQPRTATVTIRPNTSGSGGTTSNSQVITGPQIRPGM
Q12830,Homo sapiens (Human),Asymmetric dimethylarginine,2184,TGPQIRPGMTV,VITGPQIRPGMTVIR,TSNSQVITGPQIRPGMTVIRTPLQQ,VTIRPNTSGSGGTTSNSQVITGPQIRPGMTVIRTPLQQSTLGKAIIRTPVM
Q12830,Homo sapiens (Human),Asymmetric dimethylarginine,2191,GMTVIRTPLQQ,RPGMTVIRTPLQQST,TGPQIRPGMTVIRTPLQQSTLGKAI,SGSGGTTSNSQVITGPQIRPGMTVIRTPLQQSTLGKAIIRTPVMVQPGAPQ
Q12905,Homo sapiens (Human),Asymmetric dimethylarginine; alternate,16,GRFGSRGGPGG,RGGRFGSRGGPGGGF,DRGRGRGGRFGSRGGPGGGFRPFVP,MRGDRGRGRGGRFGSRGGPGGGFRPFVPHIPFDFYLCEMAF
Q13151,Homo sapiens (Human),Asymmetric dimethylarginine; alternate,291,NSGPYRGGYGG,RSNSGPYRGGYGGGG,SSWGGRSNSGPYRGGYGGGGGYGGS,GPMKSGGGGGGGGSSWGGRSNSGPYRGGYGGGGGYGGSSF
Q13227,Homo sapiens (Human),Asymmetric dimethylarginine,312,SQPGPRLPFIQ,ATSQPGPRLPFIQHS,KSGFAATSQPGPRLPFIQHSQNPRF,ASPQLPVQMQPAGKSGFAATSQPGPRLPFIQHSQNPRFYHK
Q13227,Homo sapiens (Human),Asymmetric dimethylarginine; alternate,323,HSQNPRFYHK,IQHSQNPRFYHK,PRLPFIQHSQNPRFYHK,AGKSGFAATSQPGPRLPFIQHSQNPRFYHK
Q13283,Homo sapiens (Human),Asymmetric dimethylarginine,429,RDNRLRGPGGP,DRRDNRLRGPGGPRG,AAREGDRRDNRLRGPGGPRGGLGGG,GEVRLNVEEKKTRAAREGDRRDNRLRGPGGPRGGLGGGMRGPPRGGMVQKP
Q13283,Homo sapiens (Human),Asymmetric dimethylarginine; alternate,435,GPGGPRGGLGG,LRGPGGPRGGLGGGM,RRDNRLRGPGGPRGGLGGGMRGPPR,VEEKKTRAAREGDRRDNRLRGPGGPRGGLGGGMRGPPRGGMVQKPGFGVGR
Q13303,Homo sapiens (Human),Asymmetric dimethylarginine; alternate,28,MIYSTRYGSPK,PGMIYSTRYGSPKRQ,RQTGSPGMIYSTRYGSPKRQLQFYR,PESTTGSPARLSLRQTGSPGMIYSTRYGSPKRQLQFYRNLGKSGLRVSCLG
Q13435,Homo sapiens (Human),Symmetric dimethylarginine; by PRMT9; alternate,508,HWCFKRKYLQG,PRHWCFKRKYLQGKR,NSVPVPRHWCFKRKYLQGKRGIEKP,QDPKLLVHLKATRNSVPVPRHWCFKRKYLQGKRGIEKPPFELPDFIKRTGI
Q14103,Homo sapiens (Human),Asymmetric dimethylarginine; alternate,345,GKVSRRGGHQN,GYGKVSRRGGHQNSY,SNQQSGYGKVSRRGGHQNSYKPY,YTGYNNYYGYGDYSNQQSGYGKVSRRGGHQNSYKPY
Q14157,Homo sapiens (Human),Asymmetric dimethylarginine,187,GGSGRRGGRFS,GRGGSGRRGGRFSAQ,RGRGRGRGGSGRRGGRFSAQGMGTF,SGGPSGRGTERGRRGRGRGRGGSGRRGGRFSAQGMGTFNPADYAEPANTDD
Q14157,Homo sapiens (Human),Asymmetric dimethylarginine,190,GRRGGRFSAQG,GSGRRGGRFSAQGMG,GRGRGGSGRRGGRFSAQGMGTFNPA,PSGRGTERGRRGRGRGRGGSGRRGGRFSAQGMGTFNPADYAEPANTDDNYG
Q14444,Homo sapiens (Human),Asymmetric dimethylarginine; alternate,698,PPRPNRGMPQM,GGPPRPNRGMPQMNT,APRGRGGPPRPNRGMPQMNTQQVN,NFKRGSGQSGPRGAPRGRGGPPRPNRGMPQMNTQQVN
Q14781,Homo sapiens (Human),Asymmetric dimethylarginine; alternate,247,ASSPGRGGISW,GMASSPGRGGISWQS,ASLMKGMASSPGRGGISWQSSIVHY,CGGPSAMATPENLASLMKGMASSPGRGGISWQSSIVHYMNRMTQSQAQAAS
Q15025,Homo sapiens (Human),Asymmetric dimethylarginine,571,DWSQIRYPPPP,FEDWSQIRYPPPPMA,VPHHGFEDWSQIRYPPPPMAMEHPP,GAYPYAYPPMPAMVPHHGFEDWSQIRYPPPPMAMEHPPPLPNSRLFHLPEY
Q15025,Homo sapiens (Human),Asymmetric dimethylarginine; alternate,599,PEYTWRLPCGG,HLPEYTWRLPCGGVR,NSRLFHLPEYTWRLPCGGVRNPNQS,PPPMAMEHPPPLPNSRLFHLPEYTWRLPCGGVRNPNQSSQVMDPPTARPTE
Q15424,Homo sapiens (Human),Asymmetric dimethylarginine,868,GHMMNRGGMSG,GPGHMMNRGGMSGRG,MSGHSGPGHMMNRGGMSGRGSFAPG,DRDHKRWQGGERSMSGHSGPGHMMNRGGMSGRGSFAPGGASRGHPIPHGGM
Q15424,Homo sapiens (Human),Asymmetric dimethylarginine,874,GGMSGRGSFAP,NRGGMSGRGSFAPGG,PGHMMNRGGMSGRGSFAPGGASRGH,WQGGERSMSGHSGPGHMMNRGGMSGRGSFAPGGASRGHPIPHGGMQGGFGG
Q15424,Homo sapiens (Human),Asymmetric dimethylarginine,884,PGGASRGHPIP,FAPGGASRGHPIPHG,SGRGSFAPGGASRGHPIPHGGMQGG,HSGPGHMMNRGGMSGRGSFAPGGASRGHPIPHGGMQGGFGGQSRGSRPSDA
Q15554,Homo sapiens (Human),Asymmetric dimethylarginine; by PRMT1,59,GRAAGRRASRS,GSGRAAGRRASRSSG,GGSSDGSGRAAGRRASRSSGRARRG,GEGARRSDTMAGGGGSSDGSGRAAGRRASRSSGRARRGRHEPGLGGPAERG
Q15596,Homo sapiens (Human),Asymmetric dimethylarginine,338,FSQIYRFSLSD,LAFSQIYRFSLSDGT,VLRQGLAFSQIYRFSLSDGTLVAAQ,GESVSYAKRHHHEVLRQGLAFSQIYRFSLSDGTLVAAQTKSKLIRSQTTNE
Q15596,Homo sapiens (Human),Asymmetric dimethylarginine,864,QKTALRISQST,GAQKTALRISQSTFN,PVTPVGAQKTALRISQSTFNNPRPG,IINDLMQLTAENSPVTPVGAQKTALRISQSTFNNPRPGQLGRLLPNQNLPL
Q15596,Homo sapiens (Human),Asymmetric dimethylarginine,874,TFNNPRPGQLG,QSTFNNPRPGQLGRL,ALRISQSTFNNPRPGQLGRLLPNQN,ENSPVTPVGAQKTALRISQSTFNNPRPGQLGRLLPNQNLPLDITLQSPTGA
Q15596,Homo sapiens (Human),Asymmetric dimethylarginine,1173,LRMQPRPGLRP,ATLRMQPRPGLRPTG,QRPSYATLRMQPRPGLRPTGLVQNQ,YSPMQDPNFHTMGQRPSYATLRMQPRPGLRPTGLVQNQPNQLRLQLQHRLQ
Q15596,Homo sapiens (Human),Asymmetric dimethylarginine,1177,PRPGLRPTGLV,MQPRPGLRPTGLVQN,YATLRMQPRPGLRPTGLVQNQPNQL,QDPNFHTMGQRPSYATLRMQPRPGLRPTGLVQNQPNQLRLQLQHRLQAQQN
Q15596,Homo sapiens (Human),Asymmetric dimethylarginine,1190,QPNQLRLQLQH,QNQPNQLRLQLQHRL,PTGLVQNQPNQLRLQLQHRLQAQQN,YATLRMQPRPGLRPTGLVQNQPNQLRLQLQHRLQAQQNRQPLMNQISNVSN
Q15596,Homo sapiens (Human),Asymmetric dimethylarginine,1196,LQLQHRLQAQQ,LRLQLQHRLQAQQNR,NQPNQLRLQLQHRLQAQQNRQPLMN,QPRPGLRPTGLVQNQPNQLRLQLQHRLQAQQNRQPLMNQISNVSNVNLTLR
Q15596,Homo sapiens (Human),Asymmetric dimethylarginine,1203,QAQQNRQPLMN,RLQAQQNRQPLMNQI,LQLQHRLQAQQNRQPLMNQISNVSN,PTGLVQNQPNQLRLQLQHRLQAQQNRQPLMNQISNVSNVNLTLRPGVPTQA
Q15596,Homo sapiens (Human),Asymmetric dimethylarginine,1221,VNLTLRPGVPT,SNVNLTLRPGVPTQA,QISNVSNVNLTLRPGVPTQAPINAQ,RLQAQQNRQPLMNQISNVSNVNLTLRPGVPTQAPINAQMLAQRQREILNQH
Q15596,Homo sapiens (Human),Asymmetric dimethylarginine,1240,LAQRQREILNQ,QMLAQRQREILNQHL,APINAQMLAQRQREILNQHLRQRQM,NVNLTLRPGVPTQAPINAQMLAQRQREILNQHLRQRQMHQQQQVQQRTLMM
Q15596,Homo sapiens (Human),Asymmetric dimethylarginine,1266,RTLMMRGQGLN,QQRTLMMRGQGLNMT,QQQQVQQRTLMMRGQGLNMTPSMVA,EILNQHLRQRQMHQQQQVQQRTLMMRGQGLNMTPSMVAPSGMPATMSNPRI
Q15654,Homo sapiens (Human),Asymmetric dimethylarginine; alternate,25,GRAIPRGTPGP,PQGRAIPRGTPGPPP,EPARAPQGRAIPRGTPGPPPAHGAA,MSGPTWLPPKQPEPARAPQGRAIPRGTPGPPPAHGAALQPHPRVNFCPLP
Q15717,Homo sapiens (Human),Asymmetric dimethylarginine; by CARM1; alternate,217,HHQAQRFRFSP,PVHHQAQRFRFSPMG,RRFGGPVHHQAQRFRFSPMGVDHMS,NVALLSQLYHSPARRFGGPVHHQAQRFRFSPMGVDHMSGLSGVNVPGNASS
Q15735,Homo sapiens (Human),Asymmetric dimethylarginine; alternate,56,GPSEPRLALAP,ALGPSEPRLALAPVG,AKKNAALGPSEPRLALAPVGPRAAM,GAPSKVDSSFQLPAKKNAALGPSEPRLALAPVGPRAAMSASSEGPRLALAS
Q15735,Homo sapiens (Human),Asymmetric dimethylarginine,76,SSEGPRLALAS,SASSEGPRLALASPR,PRAAMSASSEGPRLALASPRPILAP,GPSEPRLALAPVGPRAAMSASSEGPRLALASPRPILAPLCTPEGQKTATAH
Q15735,Homo sapiens (Human),Asymmetric dimethylarginine; alternate,83,ALASPRPILAP,RLALASPRPILAPLC,SSEGPRLALASPRPILAPLCTPEGQ,ALAPVGPRAAMSASSEGPRLALASPRPILAPLCTPEGQKTATAHRSSSLAP
Q15772,Homo sapiens (Human),Asymmetric dimethylarginine; alternate,2055,ATRLARGGLGE,PGATRLARGGLGEGE,RRSPSPGATRLARGGLGEGEYAQRL,RGLHKAASVELPQRRSPSPGATRLARGGLGEGEYAQRLQALRQRLLRGGPE
Q5SQI0,Homo sapiens (Human),Asymmetric dimethylarginine,305,PHPTARLLLAA,CPPHPTARLLLAADP,RSLRLCPPHPTARLLLAADPGGSPA,GPLRPFVPEQELLRSLRLCPPHPTARLLLAADPGGSPAQRRRTRGTPPGLV
Q69YN4,Homo sapiens (Human),Asymmetric dimethylarginine; alternate,1741,NYNESRGGQSN,RGNYNESRGGQSNFN,AQNTPRGNYNESRGGQSNFNRGPLP,YSRREGTRGSSWSAQNTPRGNYNESRGGQSNFNRGPLPPLRPLSSTGYRPS
Q69YN4,Homo sapiens (Human),Asymmetric dimethylarginine,1773,RDRASRGRGGL,SPRDRASRGRGGLGP,TGYRPSPRDRASRGRGGLGPSWASA,NRGPLPPLRPLSSTGYRPSPRDRASRGRGGLGPSWASANSGSGGSRGKFVS
Q69YN4,Homo sapiens (Human),Asymmetric dimethylarginine,1775,RASRGRGGLGP,RDRASRGRGGLGPSW,YRPSPRDRASRGRGGLGPSWASANS,GPLPPLRPLSSTGYRPSPRDRASRGRGGLGPSWASANSGSGGSRGKFVSGG
Q69YN4,Homo sapiens (Human),Asymmetric dimethylarginine,1793,GSGGSRGKFVS,NSGSGGSRGKFVSGG,SWASANSGSGGSRGKFVSGGSGRGR,RDRASRGRGGLGPSWASANSGSGGSRGKFVSGGSGRGRHVRSFTR
Q7Z6G3,Homo sapiens (Human),Asymmetric dimethylarginine,42,RMGEPRESLAP,GARMGEPRESLAPAA,LLRWVGARMGEPRESLAPAAPADPG,LREPPQQGRALGGLLRWVGARMGEPRESLAPAAPADPGPASPRGGTAVILD
Q86TB9,Homo sapiens (Human),Asymmetric dimethylarginine,217,KPVHVRPPMPP,CPKPVHVRPPMPPRY,TQQILCPKPVHVRPPMPPRYPAPYG,IGTPPKQMAVPSFTQQILCPKPVHVRPPMPPRYPAPYGERMSPNQLCSVPN
Q86TB9,Homo sapiens (Human),Asymmetric dimethylarginine,223,PPMPPRYPAPY,VRPPMPPRYPAPYGE,PKPVHVRPPMPPRYPAPYGERMSPN,QMAVPSFTQQILCPKPVHVRPPMPPRYPAPYGERMSPNQLCSVPNSSLLGH
Q86TB9,Homo sapiens (Human),Asymmetric dimethylarginine,263,LSPLQRAQLLG,PVLSPLQRAQLLGGA,PPSVPPVLSPLQRAQLLGGAQLQPG,CSVPNSSLLGHPFPPSVPPVLSPLQRAQLLGGAQLQPGRMSPSQFARVPGF
Q86TB9,Homo sapiens (Human),Asymmetric dimethylarginine,284,PSQFARVPGFV,MSPSQFARVPGFVGS,LQPGRMSPSQFARVPGFVGSPLAAM,SPLQRAQLLGGAQLQPGRMSPSQFARVPGFVGSPLAAMNPKLLQGRVGQML
Q86U42,Homo sapiens (Human),Asymmetric dimethylarginine; alternate,238,DESLFRGRQIK,ALDESLFRGRQIKVI,VRTSLALDESLFRGRQIKVIPKRTN,KGFAYIEFSDKESVRTSLALDESLFRGRQIKVIPKRTNRPGISTTDRGFPR
Q86U42,Homo sapiens (Human),Asymmetric dimethylarginine; alternate,259,ISTTDRGFPRA,PGISTTDRGFPRARY,KRTNRPGISTTDRGFPRARYRARTT,ESLFRGRQIKVIPKRTNRPGISTTDRGFPRARYRARTTNYNSSRSRFYSGF
Q86U42,Homo sapiens (Human),Asymmetric dimethylarginine; alternate,263,DRGFPRARYRA,TTDRGFPRARYRART,RPGISTTDRGFPRARYRARTTNYNS,RGRQIKVIPKRTNRPGISTTDRGFPRARYRARTTNYNSSRSRFYSGFNSRP
Q86U42,Homo sapiens (Human),Asymmetric dimethylarginine,265,GFPRARYRART,DRGFPRARYRARTTN,GISTTDRGFPRARYRARTTNYNSSR,RQIKVIPKRTNRPGISTTDRGFPRARYRARTTNYNSSRSRFYSGFNSRPRG
Q86U42,Homo sapiens (Human),Asymmetric dimethylarginine,267,PRARYRARTTN,GFPRARYRARTTNYN,STTDRGFPRARYRARTTNYNSSRSR,IKVIPKRTNRPGISTTDRGFPRARYRARTTNYNSSRSRFYSGFNSRPRGRV
Q86U42,Homo sapiens (Human),Asymmetric dimethylarginine,269,ARYRARTTNYN,PRARYRARTTNYNSS,TDRGFPRARYRARTTNYNSSRSRFY,VIPKRTNRPGISTTDRGFPRARYRARTTNYNSSRSRFYSGFNSRPRGRVYR
Q86U42,Homo sapiens (Human),Asymmetric dimethylarginine,277,NYNSSRSRFYS,TTNYNSSRSRFYSGF,RYRARTTNYNSSRSRFYSGFNSRPR,PGISTTDRGFPRARYRARTTNYNSSRSRFYSGFNSRPRGRVYRGRARATSW
Q86U42,Homo sapiens (Human),Asymmetric dimethylarginine,279,NSSRSRFYSGF,NYNSSRSRFYSGFNS,RARTTNYNSSRSRFYSGFNSRPRGR,ISTTDRGFPRARYRARTTNYNSSRSRFYSGFNSRPRGRVYRGRARATSWYS
Q86U42,Homo sapiens (Human),Asymmetric dimethylarginine,287,SGFNSRPRGRV,FYSGFNSRPRGRVYR,SSRSRFYSGFNSRPRGRVYRGRARA,PRARYRARTTNYNSSRSRFYSGFNSRPRGRVYRGRARATSWYSPY
Q86U42,Homo sapiens (Human),Asymmetric dimethylarginine,289,FNSRPRGRVYR,SGFNSRPRGRVYRGR,RSRFYSGFNSRPRGRVYRGRARATS,ARYRARTTNYNSSRSRFYSGFNSRPRGRVYRGRARATSWYSPY
Q86U42,Homo sapiens (Human),Asymmetric dimethylarginine,291,SRPRGRVYRGR,FNSRPRGRVYRGRAR,RFYSGFNSRPRGRVYRGRARATSWY,YRARTTNYNSSRSRFYSGFNSRPRGRVYRGRARATSWYSPY
Q86U42,Homo sapiens (Human),Asymmetric dimethylarginine,294,RGRVYRGRARA,RPRGRVYRGRARATS,SGFNSRPRGRVYRGRARATSWYSPY,RTTNYNSSRSRFYSGFNSRPRGRVYRGRARATSWYSPY
Q86U42,Homo sapiens (Human),Asymmetric dimethylarginine,296,RVYRGRARATS,RGRVYRGRARATSWY,FNSRPRGRVYRGRARATSWYSPY,TNYNSSRSRFYSGFNSRPRGRVYRGRARATSWYSPY
Q86U42,Homo sapiens (Human),Asymmetric dimethylarginine,298,YRGRARATSWY,RVYRGRARATSWYSP,SRPRGRVYRGRARATSWYSPY,YNSSRSRFYSGFNSRPRGRVYRGRARATSWYSPY
Q86UU1,Homo sapiens (Human),Asymmetric dimethylarginine,131,QSTFLRFNHPA,LGQSTFLRFNHPAEA,GCMLCLGQSTFLRFNHPAEAKWMKS,DGLPVRQPTRLTQGCMLCLGQSTFLRFNHPAEAKWMKSMIPAGGRAPGPPY
Q86UW9,Homo sapiens (Human),Asymmetric dimethylarginine,213,GPVSGRYRHSM,RTGPVSGRYRHSMTN,CLSGSRTGPVSGRYRHSMTNLPAYP,PPGHTGVACSCHQCLSGSRTGPVSGRYRHSMTNLPAYPVPQHPPHRTASVF
Q86UW9,Homo sapiens (Human),Asymmetric dimethylarginine,215,VSGRYRHSMTN,GPVSGRYRHSMTNLP,SGSRTGPVSGRYRHSMTNLPAYPVP,GHTGVACSCHQCLSGSRTGPVSGRYRHSMTNLPAYPVPQHPPHRTASVFGT
Q86UW9,Homo sapiens (Human),Asymmetric dimethylarginine,233,QHPPHRTASVF,VPQHPPHRTASVFGT,LPAYPVPQHPPHRTASVFGTHQAFA,GPVSGRYRHSMTNLPAYPVPQHPPHRTASVFGTHQAFAPYNKPSLSGARSA
Q86V81,Homo sapiens (Human),Asymmetric dimethylarginine; alternate,38,GSQGGRGGGAQ,RAGSQGGRGGGAQAA,GRGRGRAGSQGGRGGGAQAAARVNR,IKLNRSQRGGRGGGRGRGRAGSQGGRGGGAQAAARVNRGGGPIRNRPAIAR
Q86V81,Homo sapiens (Human),Asymmetric dimethylarginine; alternate,197,AQSVNRGGMTR,RPAQSVNRGGMTRNR,IDAQRRPAQSVNRGGMTRNRGAGGF,DGRPMNIQLVTSQIDAQRRPAQSVNRGGMTRNRGAGGFGGGGGTRRGTRGG
Q86V81,Homo sapiens (Human),Asymmetric dimethylarginine; alternate,204,GMTRNRGAGGF,RGGMTRNRGAGGFGG,AQSVNRGGMTRNRGAGGFGGGGGTR,QLVTSQIDAQRRPAQSVNRGGMTRNRGAGGFGGGGGTRRGTRGGARGRGRG
Q86VQ6,Homo sapiens (Human),Asymmetric dimethylarginine; alternate,26,RSGHVRGARVL,NRRSGHVRGARVLSP,AGDAPNRRSGHVRGARVLSPPGRRA,MERSPPQSPGPGKAGDAPNRRSGHVRGARVLSPPGRRARLSSPGPSRSSEA
Q86YP4,Homo sapiens (Human),Asymmetric dimethylarginine; alternate,539,SATTPRGVLHT,RGSATTPRGVLHTFS,SSQLSRGSATTPRGVLHTFSPSPKL,EARDWSNGAVLQASSQLSRGSATTPRGVLHTFSPSPKLQNSASATALVSRT
Q8NF64,Homo sapiens (Human),Asymmetric dimethylarginine,245,LYAGQRLPQHG,TPLYAGQRLPQHGYP,RAAGMTPLYAGQRLPQHGYPGPPQA,GPSGLSPLAMNPTRAAGMTPLYAGQRLPQHGYPGPPQAQPLPRQGVKRTYS
Q8NF64,Homo sapiens (Human),Asymmetric dimethylarginine,262,AQPLPRQGVKR,PQAQPLPRQGVKRTY,GYPGPPQAQPLPRQGVKRTYSEVYP,MTPLYAGQRLPQHGYPGPPQAQPLPRQGVKRTYSEVYPGQQYLQGGQYAPS
Q8TAP9,Homo sapiens (Human),Asymmetric dimethylarginine,37,GGGGPRPPSPR,TPGGGGPRPPSPRDG,SSFRGTPGGGGPRPPSPRDGYGSPH,PYPGPGGGGWGSGSSFRGTPGGGGPRPPSPRDGYGSPHHTPPYGPRSRPYG
Q8TAP9,Homo sapiens (Human),Asymmetric dimethylarginine,59,YGPRSRPYGSS,PPYGPRSRPYGSSHS,SPHHTPPYGPRSRPYGSSHSPRHGG,GGPRPPSPRDGYGSPHHTPPYGPRSRPYGSSHSPRHGGSFPGGRFGSPSPG
Q8TAP9,Homo sapiens (Human),Asymmetric dimethylarginine,68,SSHSPRHGGSF,YGSSHSPRHGGSFPG,PRSRPYGSSHSPRHGGSFPGGRFGS,DGYGSPHHTPPYGPRSRPYGSSHSPRHGGSFPGGRFGSPSPGGYPGSYSRS
Q8TAP9,Homo sapiens (Human),Asymmetric dimethylarginine,77,SFPGGRFGSPS,GGSFPGGRFGSPSPG,HSPRHGGSFPGGRFGSPSPGGYPGS,PPYGPRSRPYGSSHSPRHGGSFPGGRFGSPSPGGYPGSYSRSPAGSQQQFG
Q8TC59,Homo sapiens (Human),Symmetric dimethylarginine,47,GAPAGRGHVFG,GRGAPAGRGHVFGKP,LDPALGRGAPAGRGHVFGKPEEPST,VRMPGCWPQASKPLDPALGRGAPAGRGHVFGKPEEPSTQRGPAQRESVGLV
Q8TC59,Homo sapiens (Human),Symmetric dimethylarginine; by PRMT5; alternate,76,LVSMFRGLGIE,VGLVSMFRGLGIETV,AQRESVGLVSMFRGLGIETVSKTPL,FGKPEEPSTQRGPAQRESVGLVSMFRGLGIETVSKTPLKREMLPSGRGILG
Q8TC59,Homo sapiens (Human),Symmetric dimethylarginine; alternate,97,MLPSGRGILGR,REMLPSGRGILGRGL,KTPLKREMLPSGRGILGRGLSANLV,VSMFRGLGIETVSKTPLKREMLPSGRGILGRGLSANLVRKDREELSPTFWD
Q8TC59,Homo sapiens (Human),Symmetric dimethylarginine; by PRMT5; alternate,102,RGILGRGLSAN,SGRGILGRGLSANLV,REMLPSGRGILGRGLSANLVRKDRE,GLGIETVSKTPLKREMLPSGRGILGRGLSANLVRKDREELSPTFWDPKVLA
Q8TC59,Homo sapiens (Human),Symmetric dimethylarginine,146,SRTLGRGSSDA,GWSRTLGRGSSDASL,AETSVGWSRTLGRGSSDASLLPLGR,WDPKVLAAGDSKMAETSVGWSRTLGRGSSDASLLPLGRAAGGISREVDKPP
Q8TC59,Homo sapiens (Human),Symmetric dimethylarginine,158,LLPLGRAAGGI,ASLLPLGRAAGGISR,RGSSDASLLPLGRAAGGISREVDKP,MAETSVGWSRTLGRGSSDASLLPLGRAAGGISREVDKPPCTFSTPSRGPPQ
Q8TC59,Homo sapiens (Human),Symmetric dimethylarginine; by PRMT5,165,AGGISREVDKP,RAAGGISREVDKPPC,LLPLGRAAGGISREVDKPPCTFSTP,WSRTLGRGSSDASLLPLGRAAGGISREVDKPPCTFSTPSRGPPQLSSPPAL
Q8TC59,Homo sapiens (Human),Symmetric dimethylarginine; by PRMT5,551,TNELMRWGLRL,AATNELMRWGLRLQK,IAKNEAATNELMRWGLRLQKDVHKI,KQHHSALECLLQRIAKNEAATNELMRWGLRLQKDVHKIEGRVLPMERINLK
Q92530,Homo sapiens (Human),Asymmetric dimethylarginine,219,RSGFPRALIDP,PLRSGFPRALIDPSS,GMIVDPLRSGFPRALIDPSSGLPNR,GGEDLDPFGPRRGGMIVDPLRSGFPRALIDPSSGLPNRLPPGAVPPGARFD
Q92558,Homo sapiens (Human),Asymmetric dimethylarginine; alternate,341,STSSLRASMTS,ALSTSSLRASMTSTP,PPLPSALSTSSLRASMTSTPPPPVP,TPVFVSPTPPPPPPPLPSALSTSSLRASMTSTPPPPVPPPPPPPATALQAP
Q92793,Homo sapiens (Human),Asymmetric dimethylarginine,601,VTQDLRSHLVH,EHVTQDLRSHLVHKL,RKGWHEHVTQDLRSHLVHKLVQAIF,TIPTAAPPSSTGVRKGWHEHVTQDLRSHLVHKLVQAIFPTPDPAALKDRRM
Q92793,Homo sapiens (Human),Asymmetric dimethylarginine,625,ALKDRRMENLV,PAALKDRRMENLVAY,FPTPDPAALKDRRMENLVAYAKKVE,LRSHLVHKLVQAIFPTPDPAALKDRRMENLVAYAKKVEGDMYESANSRDEY
Q92804,Homo sapiens (Human),Asymmetric dimethylarginine; by PRMT1; alternate,206,SSGGDRGGFKN,TGSSGGDRGGFKNFG,GRGPMTGSSGGDRGGFKNFGGHRDY,QGGGRGRGGYDKDGRGPMTGSSGGDRGGFKNFGGHRDYGPRTDADSESDNS
Q92804,Homo sapiens (Human),Asymmetric dimethylarginine; by PRMT1,528,GGDRSRGGYGG,GYGGDRSRGGYGGDR,GGDRGGYGGDRSRGGYGGDRGGGSG,GDRGGYGGDRGGYGGDRGGYGGDRSRGGYGGDRGGGSGYGGDRSGGYGGDR
Q92804,Homo sapiens (Human),Asymmetric dimethylarginine; by PRMT1,535,GYGGDRGGGSG,RGGYGGDRGGGSGYG,GGDRSRGGYGGDRGGGSGYGGDRSG,GDRGGYGGDRGGYGGDRSRGGYGGDRGGGSGYGGDRSGGYGGDRSGGGYGG
Q92804,Homo sapiens (Human),Asymmetric dimethylarginine,570,GYGGDRGGYGG,GGGYGGDRGGYGGKM,YGGDRGGGYGGDRGGYGGKMGGRND,RSGGYGGDRSGGGYGGDRGGGYGGDRGGYGGKMGGRNDYRNDQRNRPY
Q92804,Homo sapiens (Human),Asymmetric dimethylarginine; by PRMT1,570,GYGGDRGGYGG,GGGYGGDRGGYGGKM,YGGDRGGGYGGDRGGYGGKMGGRND,RSGGYGGDRSGGGYGGDRGGGYGGDRGGYGGKMGGRNDYRNDQRNRPY
Q92934,Homo sapiens (Human),Asymmetric dimethylarginine; by PRMT1,94,EPSPFRGRSRS,GEEPSPFRGRSRSAP,DDEGMGEEPSPFRGRSRSAPPNLWA,IRSRHSSYPAGTEDDEGMGEEPSPFRGRSRSAPPNLWAAQRYGRELRRMSD
Q92934,Homo sapiens (Human),Asymmetric dimethylarginine; by PRMT1,96,SPFRGRSRSAP,EPSPFRGRSRSAPPN,EGMGEEPSPFRGRSRSAPPNLWAAQ,SRHSSYPAGTEDDEGMGEEPSPFRGRSRSAPPNLWAAQRYGRELRRMSDEF
Q92997,Homo sapiens (Human),Asymmetric dimethylarginine; by PRMT1; alternate,271,GQSNERGDGGI,IVGQSNERGDGGIYI,FLGISIVGQSNERGDGGIYIGSIMK,NIITVTLNMEKYNFLGISIVGQSNERGDGGIYIGSIMKGGAVAADGRIEPG
Q92997,Homo sapiens (Human),Symmetric dimethylarginine; by PRMT7; alternate,271,GQSNERGDGGI,IVGQSNERGDGGIYI,FLGISIVGQSNERGDGGIYIGSIMK,NIITVTLNMEKYNFLGISIVGQSNERGDGGIYIGSIMKGGAVAADGRIEPG
Q92997,Homo sapiens (Human),Symmetric dimethylarginine; by PRMT7; alternate,342,WDPSPRGCFTL,KCWDPSPRGCFTLPR,TLTVAKCWDPSPRGCFTLPRSEPIR,RVLREIVHKPGPITLTVAKCWDPSPRGCFTLPRSEPIRPIDPAAWVSHTAA
Q92997,Homo sapiens (Human),Symmetric dimethylarginine; by PRMT7,614,TRSSLRGPRER,HTTRSSLRGPRERAP,GSESDHTTRSSLRGPRERAPSERSG,KDPKAGDSKSGGSGSESDHTTRSSLRGPRERAPSERSGPAASEHSHRSHHS
Q93074,Homo sapiens (Human),Asymmetric dimethylarginine; alternate,1899,KTSVYRQQQPA,SYKTSVYRQQQPAVP,GLEPSSYKTSVYRQQQPAVPQGQRL,YPGVLPTTMTGVMGLEPSSYKTSVYRQQQPAVPQGQRLRQQLQQSQGMLGQ
Q93074,Homo sapiens (Human),Asymmetric dimethylarginine,1994,RHLQQRPSGYV,PTRHLQQRPSGYVHQ,PTLVDPTRHLQQRPSGYVHQQAPTY,SSQPYQSTHPSTNPTLVDPTRHLQQRPSGYVHQQAPTYGHGLTSTQRFSHQ
Q93074,Homo sapiens (Human),Asymmetric dimethylarginine,2015,LTSTQRFSHQT,HGLTSTQRFSHQTLQ,APTYGHGLTSTQRFSHQTLQQTPMI,HLQQRPSGYVHQQAPTYGHGLTSTQRFSHQTLQQTPMISTMTPMSAQGVQA
Q96EV2,Homo sapiens (Human),Asymmetric dimethylarginine,470,VSGEPRFPSHL,LGVSGEPRFPSHLFL,RDPFFLGVSGEPRFPSHLFLEQRSP,LQDQWRAPPPPQDRDPFFLGVSGEPRFPSHLFLEQRSPPPPPPPPTLLNSS
Q96EV2,Homo sapiens (Human),Asymmetric dimethylarginine; alternate,1028,KVTLTRGGLQQ,ARKVTLTRGGLQQPP,VGPQPARKVTLTRGGLQQPPHLPAG,PEGQPQRLPQPPEVGPQPARKVTLTRGGLQQPPHLPAGPHAHSPVPPGIKS
Q96J94,Homo sapiens (Human),Symmetric dimethylarginine; by PRMT5; alternate,14,ARGRARGQETA,ARARGRARGQETAQL,TGRARARARGRARGQETAQLVGSTA,MTGRARARARGRARGQETAQLVGSTASQQPGYIQPRPQP
Q96J94,Homo sapiens (Human),Symmetric dimethylarginine; alternate,53,GRGRQRGTAGG,LFGRGRQRGTAGGTA,PAEGELFGRGRQRGTAGGTAKSQGL,QQPGYIQPRPQPPPAEGELFGRGRQRGTAGGTAKSQGLQISAGFQELSLAE
Q96PU8,Homo sapiens (Human),Asymmetric dimethylarginine; by CARM1; alternate,242,PPAALRTPTPA,VLPPAALRTPTPAGP,TGPAPVLPPAALRTPTPAGPTIMPL,SLAATAQAAPRIITGPAPVLPPAALRTPTPAGPTIMPLIRQIQTAVMPNGT
Q96RK0,Homo sapiens (Human),Asymmetric dimethylarginine,1772,PTTSIRFTLPP,PAPTTSIRFTLPPGT,AAPSGPAPTTSIRFTLPPGTSTNGK,VAPAPAPAPGTKAAAPSGPAPTTSIRFTLPPGTSTNGKVLAATAPTPGIPI
Q96T37,Homo sapiens (Human),Asymmetric dimethylarginine; alternate; by PRMT1,578,YRDRDRDLYPD,LLYRDRDRDLYPDSD,DRTPPLLYRDRDRDLYPDSDWVPPP,FGHRAPDPLRGARDRTPPLLYRDRDRDLYPDSDWVPPPPPVRERSTRTAAT
Q96T58,Homo sapiens (Human),Asymmetric dimethylarginine,3113,ITYSIRPEALH,PSITYSIRPEALHSP,NTPTLPSITYSIRPEALHSPRAPLQ,VSLSHLSQGEVRMNTPTLPSITYSIRPEALHSPRAPLQPQQIEVRAPQRAS
Q96T58,Homo sapiens (Human),Asymmetric dimethylarginine,3121,ALHSPRAPLQP,PEALHSPRAPLQPQQ,TYSIRPEALHSPRAPLQPQQIEVRA,GEVRMNTPTLPSITYSIRPEALHSPRAPLQPQQIEVRAPQRASTPQPAPAG
Q99700,Homo sapiens (Human),Asymmetric dimethylarginine; alternate,640,RVSAGRGSISS,NHRVSAGRGSISSGL,QRHPRNHRVSAGRGSISSGLEFVSH,MSSEGPPRMSPKAQRHPRNHRVSAGRGSISSGLEFVSHNPPSEAATPPVAR
Q99729,Homo sapiens (Human),Asymmetric dimethylarginine; alternate,322,GKSQRRGGHQN,NYGKSQRRGGHQNNY,SQGSTNYGKSQRRGGHQNNYKPY,PYGYYGYGPGYDYSQGSTNYGKSQRRGGHQNNYKPY
Q99958,Homo sapiens (Human),Asymmetric dimethylarginine,458,MFNSHRLGIEN,REMFNSHRLGIENST,TFPNVREMFNSHRLGIENSTLGESQ,NHLPGHTFAAQQQTFPNVREMFNSHRLGIENSTLGESQVSGNASCQLPYRS
Q9BST9,Homo sapiens (Human),Asymmetric dimethylarginine,230,SGRRVRASLDS,RSSGRRVRASLDSAG,SSSLGRSSGRRVRASLDSAGGSGSS,ALTGGPKRLATKLSSSLGRSSGRRVRASLDSAGGSGSSPILLPTPVVGGPR
Q9BTC0,Homo sapiens (Human),Asymmetric dimethylarginine,1893,QFGGQRRPLLS,PFQFGGQRRPLLSQL,SRGGAPFQFGGQRRPLLSQLKGPRG,AQFEGTEQAPFLGSRGGAPFQFGGQRRPLLSQLKGPRGGPPPSQFGGQRGP
Q9BTC0,Homo sapiens (Human),Asymmetric dimethylarginine,1894,FGGQRRPLLSQ,FQFGGQRRPLLSQLK,RGGAPFQFGGQRRPLLSQLKGPRGG,QFEGTEQAPFLGSRGGAPFQFGGQRRPLLSQLKGPRGGPPPSQFGGQRGPP
Q9BTC0,Homo sapiens (Human),Asymmetric dimethylarginine,1977,VHSPPRFTNQR,QRVHSPPRFTNQRAP,QQFEDQRVHSPPRFTNQRAPAPLQF,APNFMPGPRGIQPQQFEDQRVHSPPRFTNQRAPAPLQFGGLRGSAPFSEKN
Q9BTC0,Homo sapiens (Human),Asymmetric dimethylarginine,1982,RFTNQRAPAPL,PPRFTNQRAPAPLQF,QRVHSPPRFTNQRAPAPLQFGGLRG,PGPRGIQPQQFEDQRVHSPPRFTNQRAPAPLQFGGLRGSAPFSEKNEQTPS
Q9BTC0,Homo sapiens (Human),Asymmetric dimethylarginine,1993,QFGGLRGSAPF,PLQFGGLRGSAPFSE,QRAPAPLQFGGLRGSAPFSEKNEQT,EDQRVHSPPRFTNQRAPAPLQFGGLRGSAPFSEKNEQTPSRFHFQGQAPQV
Q9BTC0,Homo sapiens (Human),Asymmetric dimethylarginine,2008,EQTPSRFHFQG,KNEQTPSRFHFQGQA,APFSEKNEQTPSRFHFQGQAPQVMK,APAPLQFGGLRGSAPFSEKNEQTPSRFHFQGQAPQVMKPGPRPLLELPSHP
Q9BTC0,Homo sapiens (Human),Asymmetric dimethylarginine,2024,MKPGPRPLLEL,QVMKPGPRPLLELPS,QGQAPQVMKPGPRPLLELPSHPPQH,SEKNEQTPSRFHFQGQAPQVMKPGPRPLLELPSHPPQHRKDRWEEAGPPSA
Q9BUJ2,Homo sapiens (Human),Asymmetric dimethylarginine,639,PPGGNRGGFQN,RGPPGGNRGGFQNRG,QRYENRGPPGGNRGGFQNRGGGSGG,GGGFRGRGGGGGFQRYENRGPPGGNRGGFQNRGGGSGGGGNYRGGFNRSGG
Q9BUJ2,Homo sapiens (Human),Asymmetric dimethylarginine; alternate,645,GGFQNRGGGSG,NRGGFQNRGGGSGGG,GPPGGNRGGFQNRGGGSGGGGNYRG,RGGGGGFQRYENRGPPGGNRGGFQNRGGGSGGGGNYRGGFNRSGGGGYSQN
Q9BUJ2,Homo sapiens (Human),Asymmetric dimethylarginine; alternate,656,GGGNYRGGFNR,SGGGGNYRGGFNRSG,NRGGGSGGGGNYRGGFNRSGGGGYS,NRGPPGGNRGGFQNRGGGSGGGGNYRGGFNRSGGGGYSQNRWGNNNRDNNN
Q9C0J8,Homo sapiens (Human),Asymmetric dimethylarginine,915,LGDGPRAPFNQ,PLLGDGPRAPFNQEG,QQQKTPLLGDGPRAPFNQEGQSTGP,ARGPHPSQGPIPFQQQKTPLLGDGPRAPFNQEGQSTGPPPLIPGLGQQGAQ
Q9C0J8,Homo sapiens (Human),Asymmetric dimethylarginine; alternate,1315,GSNWGRGSNMN,RSGSNWGRGSNMNSG,PSRGGRSGSNWGRGSNMNSGPPRRG,RDEPFGGPPGSGTPSRGGRSGSNWGRGSNMNSGPPRRGASRGGGRGR
Q9C0K0,Homo sapiens (Human),Asymmetric dimethylarginine,322,FSPPPRHHLDP,PLFSPPPRHHLDPHR,LPGTPPLFSPPPRHHLDPHRLSAEE,PILRDHPGFGEGRLPGTPPLFSPPPRHHLDPHRLSAEEMGLVAQHPSAFDR
Q9H0D6,Homo sapiens (Human),Asymmetric dimethylarginine; alternate,824,GHVMPRGSGTG,TLGHVMPRGSGTGIY,QAAFRTLGHVMPRGSGTGIYSNAAP,LGFNRDRRPVHLDQAAFRTLGHVMPRGSGTGIYSNAAPPPVTYQGNLYRPL
Q9H0D6,Homo sapiens (Human),Asymmetric dimethylarginine; alternate,847,QGNLYRPLLRG,TYQGNLYRPLLRGQA,APPPVTYQGNLYRPLLRGQAQIPKL,MPRGSGTGIYSNAAPPPVTYQGNLYRPLLRGQAQIPKLMSNMRPQDSWRGP
Q9H0D6,Homo sapiens (Human),Asymmetric dimethylarginine; alternate,851,YRPLLRGQAQI,NLYRPLLRGQAQIPK,VTYQGNLYRPLLRGQAQIPKLMSNM,SGTGIYSNAAPPPVTYQGNLYRPLLRGQAQIPKLMSNMRPQDSWRGPPPLF
Q9H0D6,Homo sapiens (Human),Asymmetric dimethylarginine,880,LFQQQRFDRGV,PPLFQQQRFDRGVGA,SWRGPPPLFQQQRFDRGVGAEPLLP,QIPKLMSNMRPQDSWRGPPPLFQQQRFDRGVGAEPLLPWNRMLQTQNAAFQ
Q9H0D6,Homo sapiens (Human),Asymmetric dimethylarginine; alternate,883,QQRFDRGVGAE,FQQQRFDRGVGAEPL,GPPPLFQQQRFDRGVGAEPLLPWNR,KLMSNMRPQDSWRGPPPLFQQQRFDRGVGAEPLLPWNRMLQTQNAAFQPNQ
Q9H0D6,Homo sapiens (Human),Asymmetric dimethylarginine; alternate,946,PPPSGRYNWN,PLPPPSGRYNWN,EGRKYPLPPPSGRYNWN,RRDDRGGRQGYPREGRKYPLPPPSGRYNWN
Q9H987,Homo sapiens (Human),Asymmetric dimethylarginine; alternate,921,DEPIWRTELAS,TLDEPIWRTELASAP,PRAATTLDEPIWRTELASAPVPSPA,QPTAEPLAPTVLAPRAATTLDEPIWRTELASAPVPSPAPPPEAPRGLGASP
Q9HCE9,Homo sapiens (Human),Asymmetric dimethylarginine; alternate,1020,TGSDTRLPAFL,SPTGSDTRLPAFLSF,PPPAQSPTGSDTRLPAFLSFKFLKS,SSLAAAGAGATTRPPPAQSPTGSDTRLPAFLSFKFLKSPETRRDSERSHSP
Q9NR22,Homo sapiens (Human),Asymmetric dimethylarginine; by autocatalysis,73,EEMTSRDYYFD,NPEEMTSRDYYFDSY,MSKLLNPEEMTSRDYYFDSYAHFGI,HVSTQPSCPGRGKMSKLLNPEEMTSRDYYFDSYAHFGIHEEMLKDEVRTLT
Q9NRC8,Homo sapiens (Human),Asymmetric dimethylarginine; alternate,388,GGWFGRGCTKR,ILGGWFGRGCTKRTK,LSSAPILGGWFGRGCTKRTKRKKVT,SREEAPPGDRGAPLSSAPILGGWFGRGCTKRTKRKKVT
Q9NWB1,Homo sapiens (Human),Asymmetric dimethylarginine,317,GYAAYRYAQPT,YGGYAAYRYAQPTPA,YGADIYGGYAAYRYAQPTPATAAAY,IPAYGGVVYQDGFYGADIYGGYAAYRYAQPTPATAAAYSDSYGRVYAADPY
Q9P2D1,Homo sapiens (Human),Asymmetric dimethylarginine,286,QQGAVRPQTLN,PPQQGAVRPQTLNFS,RFSPNPPQQGAVRPQTLNFSSRSQT,STALHGESVAHSPRFSPNPPQQGAVRPQTLNFSSRSQTVPSPTINNSGQYS
Q9UBU9,Homo sapiens (Human),Asymmetric dimethylarginine; alternate,42,NRRSGRGGSGI,EGNRRSGRGGSGIRS,RWKYGEGNRRSGRGGSGIRSSRLEE,NFPQRKKKGRGPFRWKYGEGNRRSGRGGSGIRSSRLEEDDGDVAMSDAQDG
Q9ULX6,Homo sapiens (Human),Asymmetric dimethylarginine; alternate,208,DPMGARGQCMS,WEDPMGARGQCMSGA,GYGRMWEDPMGARGQCMSGASRLPS,WARDARSGRPMASGYGRMWEDPMGARGQCMSGASRLPSLFSQNIIPEYGMF
Q9UPA5,Homo sapiens (Human),Asymmetric dimethylarginine; alternate,1801,EAKFARYNLPN,PREAKFARYNLPNQV,GPRGRPREAKFARYNLPNQVAPLAR,QVEQAVQTAPYRSGPRGRPREAKFARYNLPNQVAPLARRDVLITQMGTAQS
Q9UPA5,Homo sapiens (Human),Asymmetric dimethylarginine,2250,PMIAPRVPLGP,RVPMIAPRVPLGPTG,LTSLTRVPMIAPRVPLGPTGLYRYP,YRPYASGGITAVPLTSLTRVPMIAPRVPLGPTGLYRYPAPSRFPIASSVPP
Q9UPA5,Homo sapiens (Human),Asymmetric dimethylarginine,2260,PTGLYRYPAPS,LGPTGLYRYPAPSRF,APRVPLGPTGLYRYPAPSRFPIASS,AVPLTSLTRVPMIAPRVPLGPTGLYRYPAPSRFPIASSVPPAEGPVYLGKP
Q9UPA5,Homo sapiens (Human),Asymmetric dimethylarginine,2266,YPAPSRFPIAS,YRYPAPSRFPIASSV,GPTGLYRYPAPSRFPIASSVPPAEG,LTRVPMIAPRVPLGPTGLYRYPAPSRFPIASSVPPAEGPVYLGKPAAAKAP
Q9UPN9,Homo sapiens (Human),Asymmetric dimethylarginine; alternate,515,NLAQLRLQHMQ,QINLAQLRLQHMQQQ,SKTPGQINLAQLRLQHMQQQVYAQK,VVVGQVPPGTNHISKTPGQINLAQLRLQHMQQQVYAQKHQQLQQMRMQQPP
Q9UPN9,Homo sapiens (Human),Asymmetric dimethylarginine,577,VQTMQRGNMNC,ISVQTMQRGNMNCGA,QPPRLISVQTMQRGNMNCGAFQAHQ,QHPRQAAPQMLQQQPPRLISVQTMQRGNMNCGAFQAHQMRLAQNAARIPGI
Q9UPN9,Homo sapiens (Human),Asymmetric dimethylarginine; alternate,591,QAHQMRLAQNA,AFQAHQMRLAQNAAR,NMNCGAFQAHQMRLAQNAARIPGIP,PPRLISVQTMQRGNMNCGAFQAHQMRLAQNAARIPGIPRHSGPQYSMMQPH
Q9UPN9,Homo sapiens (Human),Asymmetric dimethylarginine,598,AQNAARIPGIP,RLAQNAARIPGIPRH,QAHQMRLAQNAARIPGIPRHSGPQY,QTMQRGNMNCGAFQAHQMRLAQNAARIPGIPRHSGPQYSMMQPHLQRQHSN
Q9UPN9,Homo sapiens (Human),Asymmetric dimethylarginine,604,IPGIPRHSGPQ,ARIPGIPRHSGPQYS,LAQNAARIPGIPRHSGPQYSMMQPH,NMNCGAFQAHQMRLAQNAARIPGIPRHSGPQYSMMQPHLQRQHSNPGHAGP
Q9UQ35,Homo sapiens (Human),Asymmetric dimethylarginine; alternate,2384,NLTSPRVPLSA,GANLTSPRVPLSAYE,APALSGANLTSPRVPLSAYERVSGR,AALAPASLTSARMAPALSGANLTSPRVPLSAYERVSGRTSPPLLDRARSRT
Q9Y3I1,Homo sapiens (Human),Asymmetric dimethylarginine,518,RPTDGRLSFM,RGRPTDGRLSFM,PFRPSRGRPTDGRLSFM,PILPGRGGPNDRFPFRPSRGRPTDGRLSFM
Q9Y520,Homo sapiens (Human),Asymmetric dimethylarginine; alternate,242,LASQYRAMMPP,AALASQYRAMMPPYM,LNGQQAALASQYRAMMPPYMFQQYP,VEKRIACGPPQAKLNGQQAALASQYRAMMPPYMFQQYPRMTYPPLHGPMRF
Q9Y520,Homo sapiens (Human),Asymmetric dimethylarginine,255,FQQYPRMTYPP,YMFQQYPRMTYPPLH,AMMPPYMFQQYPRMTYPPLHGPMRF,LNGQQAALASQYRAMMPPYMFQQYPRMTYPPLHGPMRFPPSLSETNKGLRG
Q9Y520,Homo sapiens (Human),Asymmetric dimethylarginine,266,LHGPMRFPPSL,PPLHGPMRFPPSLSE,PRMTYPPLHGPMRFPPSLSETNKGL,YRAMMPPYMFQQYPRMTYPPLHGPMRFPPSLSETNKGLRGRGPPPSWASEP
Q9Y520,Homo sapiens (Human),Asymmetric dimethylarginine; alternate,2823,LQSTQRFFSEQ,EVLQSTQRFFSEQQQ,AKQRAEVLQSTQRFFSEQQQSKQIG,QAQAALKAEQDMKAKQRAEVLQSTQRFFSEQQQSKQIGGGKAQKVDSDSSK
Q9Y566,Homo sapiens (Human),Asymmetric dimethylarginine,1253,NEARRRSTLFL,WQNEARRRSTLFLST,RREGGWQNEARRRSTLFLSTDAGDE,FTSQFGAALVGAARREGGWQNEARRRSTLFLSTDAGDEDGGDGGLGTGAAP
Q9Y570,Homo sapiens (Human),Asymmetric dimethylarginine; alternate,16,GRLPSRPPLPG,HLGRLPSRPPLPGSG,LEKSMHLGRLPSRPPLPGSGGSQSG,MSALEKSMHLGRLPSRPPLPGSGGSQSGAKMRMGPGRKRDF
A6NFN3,Homo sapiens (Human),Asymmetric dimethylarginine; alternate,223,TAVAYRGAHLR,TGTAVAYRGAHLRGR,FPYPTTGTAVAYRGAHLRGRGRAVY,GAVYGPEFYAVTGFPYPTTGTAVAYRGAHLRGRGRAVYNTFRAAPPPPPIP
A6NFN3,Homo sapiens (Human),Asymmetric dimethylarginine,272,GYAAYRYAQPA,YGGYAAYRYAQPAAA,YGAEIYGGYAAYRYAQPAAAAAAYS,IPTYGAVVYQDGFYGAEIYGGYAAYRYAQPAAAAAAYSDSYGRVYAAADPY
Q2MJR0,Homo sapiens (Human),Asymmetric dimethylarginine,240,STCVVRFAKTG,ALSTCVVRFAKTGAL,PPAPLALSTCVVRFAKTGALRGAAL,WGGRGYEDYRRSGPPAPLALSTCVVRFAKTGALRGAALGPPAALPAPLTEA
Q6PJG2,Homo sapiens (Human),Asymmetric dimethylarginine,193,QLEVGRPQAPL,KVQLEVGRPQAPLNS,PMMPQKVQLEVGRPQAPLNSFHAAK,EKAGGPQLDRYVRPMMPQKVQLEVGRPQAPLNSFHAAKKPPNQSLPLQPFQ
Q9Y3X0,Homo sapiens (Human),Asymmetric dimethylarginine,131,GGRGRRGRGRG,GAGGRGRRGRGRGSP,QPRGGGAGGRGRRGRGRGSPHLSGA,GRASRSWEGSPGEQPRGGGAGGRGRRGRGRGSPHLSGAGDTSISDRKSKEW
Q9Y3X0,Homo sapiens (Human),Asymmetric dimethylarginine,133,RGRRGRGRGSP,GGRGRRGRGRGSPHL,RGGGAGGRGRRGRGRGSPHLSGAGD,ASRSWEGSPGEQPRGGGAGGRGRRGRGRGSPHLSGAGDTSISDRKSKEWEE
Q9Y3X0,Homo sapiens (Human),Asymmetric dimethylarginine,135,RRGRGRGSPHL,RGRRGRGRGSPHLSG,GGAGGRGRRGRGRGSPHLSGAGDTS,RSWEGSPGEQPRGGGAGGRGRRGRGRGSPHLSGAGDTSISDRKSKEWEERR
C9J069,Homo sapiens (Human),Asymmetric dimethylarginine; alternate,749,FLSRGRGVLFL,VGFLSRGRGVLFLGF,SRIARVGFLSRGRGVLFLGFPSPGS,QFCRDSGPVHRAFSRIARVGFLSRGRGVLFLGFPSPGSADNFLRFGLEGLL
P0CG12,Homo sapiens (Human),Asymmetric dimethylarginine,364,ANPFPRGAGSS,VNANPFPRGAGSSAF,VGPMGVNANPFPRGAGSSAFSQSSG,GPIGPNSAHFSRPVGPMGVNANPFPRGAGSSAFSQSSGTLASNPATFQRSA
Q15032,Homo sapiens (Human),Asymmetric dimethylarginine; alternate,929,GQGDSRYPLLG,VPGQGDSRYPLLGQP,FSRPFVPGQGDSRYPLLGQPLQYNP,VRPSGPPLSIMPQFSRPFVPGQGDSRYPLLGQPLQYNPPAVLHGHIPNQQG
Q32P51,Homo sapiens (Human),Asymmetric dimethylarginine; alternate,194,ASSSQRGRRGS,ASASSSQRGRRGSGN,PKQEMASASSSQRGRRGSGNFGGGR,TVKGHNCEVRKALPKQEMASASSSQRGRRGSGNFGGGRGDGFGGNDNFGRG
Q32P51,Homo sapiens (Human),Asymmetric dimethylarginine; alternate,206,NFGGGRGDGFG,SGNFGGGRGDGFGGN,RGRRGSGNFGGGRGDGFGGNDNFGR,LPKQEMASASSSQRGRRGSGNFGGGRGDGFGGNDNFGRGGNFSGRGGFGGS
Q32P51,Homo sapiens (Human),Asymmetric dimethylarginine; alternate,218,NDNFGRGGNFS,GGNDNFGRGGNFSGR,RGDGFGGNDNFGRGGNFSGRGGFGG,QRGRRGSGNFGGGRGDGFGGNDNFGRGGNFSGRGGFGGSCGGGGYGGSGDG
Q32P51,Homo sapiens (Human),Asymmetric dimethylarginine; alternate,225,GNFSGRGGFGG,RGGNFSGRGGFGGSC,NDNFGRGGNFSGRGGFGGSCGGGGY,GNFGGGRGDGFGGNDNFGRGGNFSGRGGFGGSCGGGGYGGSGDGYNGFGND
Q86WR7,Homo sapiens (Human),Asymmetric dimethylarginine; alternate,252,QPKAPRFPSNI,PAQPKAPRFPSNIIV,PGPSHPAQPKAPRFPSNIIVTNGAA,TPAARGPRSGDPGPGPSHPAQPKAPRFPSNIIVTNGAAREPRRTLSRAAVS
Q9H1Z4,Homo sapiens (Human),Asymmetric dimethylarginine; alternate,114,RRSVSRGSYQL,GHRRSVSRGSYQLQA,ALGARGHRRSVSRGSYQLQAQMNRA,TLDRMEDFEDDPRALGARGHRRSVSRGSYQLQAQMNRAVYEDRPPGSVVPT
Q5T0Z8,Homo sapiens (Human),Asymmetric dimethylarginine,1044,FPAGARYAGAG,SRFPAGARYAGAGGL,PALGFSRFPAGARYAGAGGLERFSG,DLRQLPNAGPGAPPALGFSRFPAGARYAGAGGLERFSGGGRSLIKKRLYVG
Q5T0Z8,Homo sapiens (Human),Asymmetric dimethylarginine,1157,PYTTTRYGSPI,RSPYTTTRYGSPINT,APAAGRSPYTTTRYGSPINTFTVRP,AKHKAPGSADYGFAPAAGRSPYTTTRYGSPINTFTVRPGTRHPISYVCSGA
Q8N4B5,Homo sapiens (Human),Asymmetric dimethylarginine,172,PSAEPRRLLAP,PSPSAEPRRLLAPCL,PRRPFPSPSAEPRRLLAPCLPARAA,IQKRHLEKQLLARPRRPFPSPSAEPRRLLAPCLPARAAGPRRGGPASDPDA
